DATE,START,END,DURATION,ID,TOPIC
12/09/2020,11:59,12:56,57.0,181,EXCEL_VBA
12/10/2020,05:31,06:23,52.0,181,SQL
12/11/2020,14:00,15:00,60.0,181,EXCEL_VBA
12/14/2020,15:00,16:40,100.0,27,JAVASCRIPT
12/18/2020,07:59,08:55,56.0,60,SQL
12/26/2020,19:55,20:58,63.0,60,JAVASCRIPT
12/28/2020,19:51,20:51,60.0,239,HTML_CSS
12/30/2020,15:57,16:47,50.0,27,JAVASCRIPT
1/2/2021,19:59,20:52,53.0,60,JAVASCRIPT
01/08/2021,07:00,07:54,54.0,226,EXCEL_VBA
01/08/2021,08:00,08:50,50.0,60,JAVASCRIPT
01/09/2021,18:55,19:50,55.0,69,EXCEL_VBA
01/09/2021,09:00,09:54,54.0,181,EXCEL_VBA
01/11/2021,12:00,12:52,52.0,226,PYTHON_PANDAS_MATPLOTLIB
01/11/2021,20:01,20:52,51.0,239,COMPUTER_SCIENCE
01/14/2021,15:00,15:58,58.0,27,NODE_EXPRESS
01/14/2021,19:57,20:47,50.0,60,JAVASCRIPT
01/16/2021,21:01,22:00,59.0,69,PYTHON_PANDAS_MATPLOTLIB
01/18/2021,20:00,20:50,50.0,27,NODE_EXPRESS
01/22/2021,06:58,07:53,55.0,226,PYTHON_PANDAS_MATPLOTLIB
01/22/2021,20:00,20:52,52.0,60,JAVASCRIPT
01/23/2021,20:00,21:07,67.0,239,JAVASCRIPT
01/24/2021,06:00,06:57,57.0,69,PYTHON_PANDAS_MATPLOTLIB
01/26/2021,15:00,15:51,51.0,27,JAVASCRIPT
01/28/2021,17:00,18:38,98.0,239,GIT
01/28/2021,18:55,19:51,56.0,92,GIT
01/29/2021,13:57,14:53,56.0,157,PYTHON_PANDAS_MATPLOTLIB
01/22/2021,20:00,20:50,50.0,60,APIS
01/31/2021,16:58,17:51,53.0,69,PYTHON_PANDAS_MATPLOTLIB
01/31/2021,21:56,22:51,55.0,27,APIS
02/01/2021,09:01,09:54,53.0,226,STATISTICS
02/01/2021,20:59,21:50,51.0,239,GIT
02/02/2021,08:01,09:56,115.0,27,APIS
02/04/2021,18:58,19:50,52.0,92,JAVASCRIPT
02/05/2021,19:59,21:51,112.0,60,COMPUTER_SCIENCE
02/06/2021,09:00,10:51,111.0,69,PYTHON_PANDAS_MATPLOTLIB
02/07/2021,04:56,05:50,54.0,157,APIS
02/09/2021,15:02,15:52,50.0,27,APIS
02/12/2021,19:59,20:52,53.0,60,NODE_EXPRESS
02/13/2021,11:03,11:52,49.0,239,GIT
02/14/2021,16:00,16:56,56.0,69,ETL
02/14/2021,19:55,20:53,58.0,92,JAVASCRIPT
02/15/2021,21:11,22:04,53.0,27,REACT
02/16/2021,07:59,08:53,54.0,226,ETL
02/17/2021,17:00,17:15,15.0,239,COMPUTER_SCIENCE
12/18/2020,19:59,20:52,53.0,60,NODE_EXPRESS
02/20/2021,13:00,14:00,60.0,157,APIS
02/20/2021,17:01,17:52,51.0,69,ETL
02/15/2021,20:58,21:52,54.0,27,REACT
02/22/2021,20:00,20:58,58.0,239,GIT
02/24/2021,08:59,09:52,53.0,27,CONSULTING
02/26/2021,08:58,09:51,53.0,27,SQL
02/26/2021,19:59,20:41,42.0,92,AWS
02/27/2021,17:02,17:51,49.0,69,FLASK
02/27/2021,19:59,20:53,54.0,60,NODE_EXPRESS
03/01/2021,19:57,20:51,54.0,27,SQL
03/05/2021,08:59,09:55,56.0,226,APIS
03/05/2021,18:59,19:59,60.0,254,HTML_CSS
03/05/2021,09:58,10:52,54.0,239,HTML_CSS
03/06/2021,11:09,11:49,40.0,157,APIS
03/06/2021,16:59,17:30,31.0,69,APIS
03/06/2021,20:00,20:53,53.0,60,SQL
03/09/2021,17:59,18:41,42.0,156,EXCEL_VBA
03/09/2021,16:57,17:52,55.0,92,JAVASCRIPT
03/09/2021,21:04,21:58,54.0,239,GIT
03/11/2021,08:00,08:56,56.0,226,JAVASCRIPT
03/12/2021,21:00,21:50,50.0,60,ORMS
03/13/2021,13:02,13:52,50.0,157,JAVASCRIPT
03/13/2021,17:00,17:30,30.0,69,JAVASCRIPT
3/18/2021,11:01,11:58,57.0,157,APIS
3/18/2021,13:57,14:46,49.0,156,EXCEL_VBA
3/18/2021,18:58,19:51,53.0,108,GIT
3/20/2021,18:00,18:56,56.0,69,JAVASCRIPT
3/20/2021,19:59,20:58,59.0,60,JAVASCRIPT
3/22/2021,20:57,21:59,62.0,92,GIT
3/24/2021,10:46,12:00,74.0,47,EXCEL_VBA
3/24/2021,21:02,21:57,55.0,239,APIS
3/26/2021,11:00,11:57,57.0,12,GIT
3/26/2021,13:01,13:53,52.0,17,
3/26/2021,20:01,20:58,57.0,60,CONSULTING
3/27/2021,06:59,07:55,56.0,157,APIS
3/27/2021,13:03,13:54,51.0,38,REACT
3/27/2021,16:00,16:58,58.0,237,JAVASCRIPT
3/29/2021,20:05,21:03,58.0,239,JAVASCRIPT
03/30/2021,13:55,14:49,54.0,92,JAVASCRIPT
03/30/2021,20:58,21:52,54.0,60,CONSULTING
03/31/2021,21:03,21:58,55.0,237,FLASK
04/01/2021,13:58,14:54,56.0,156,PYTHON_PANDAS_MATPLOTLIB
04/01/2021,19:01,19:58,57.0,12,PYTHON_PANDAS_MATPLOTLIB
04/02/2021,12:56,13:51,55.0,17,PYTHON_PANDAS_MATPLOTLIB
04/03/2021,13:00,13:56,56.0,38,CONSULTING
04/03/2021,18:00,18:53,53.0,69,TABLEAU
04/06/2021,14:01,14:54,53.0,47,PYTHON_PANDAS_MATPLOTLIB
04/06/2021,22:01,22:49,48.0,237,FLASK
04/07/2021,21:01,21:57,56.0,239,HTML_CSS
04/08/2021,10:00,11:00,60.0,226,STATISTICS
04/08/2021,12:58,13:55,57.0,254,JAVASCRIPT
04/09/2021,10:58,12:00,62.0,156,PYTHON_PANDAS_MATPLOTLIB
04/09/2021,12:58,14:01,63.0,17,PYTHON_PANDAS_MATPLOTLIB
04/10/2021,12:57,13:30,33.0,38,CONSULTING
04/10/2021,18:02,18:44,42.0,69,STATISTICS
04/10/2021,20:00,20:50,50.0,60,COMPUTER_SCIENCE
04/12/2021,22:03,22:58,55.0,237,JAVASCRIPT
04/13/2021,07:58,08:57,59.0,92,JAVASCRIPT
04/13/2021,13:00,13:59,59.0,47,PYTHON_PANDAS_MATPLOTLIB
04/15/2021,14:56,15:56,60.0,179,PYTHON_PANDAS_MATPLOTLIB
04/16/2021,10:58,11:54,56.0,156,APIS
04/16/2021,18:59,19:58,59.0,12,APIS
04/16/2021,06:59,08:00,61.0,157,AWS
04/16/2021,15:59,16:52,53.0,72,PYTHON_PANDAS_MATPLOTLIB
04/17/2021,17:59,18:53,54.0,69,AWS
04/17/2021,20:01,20:57,56.0,60,SQL
04/18/2021,13:02,13:59,57.0,17,PYTHON_PANDAS_MATPLOTLIB
04/18/2021,20:00,20:56,56.0,34,ORMS
04/19/2021,10:00,10:54,54.0,254,JAVASCRIPT
04/19/2021,22:02,23:02,60.0,239,HTML_CSS
04/21/2021,08:59,10:01,62.0,92,APIS
04/21/2021,11:01,12:01,60.0,47,APIS
04/21/2021,20:02,21:02,60.0,179,PYTHON_PANDAS_MATPLOTLIB
04/22/2021,15:01,15:51,50.0,34,APIS
04/23/2021,11:01,12:01,60.0,10,JAVASCRIPT
04/23/2021,19:00,19:59,59.0,98,NODE_EXPRESS
04/24/2021,07:01,08:00,59.0,157,ML_SUPERVISED
04/24/2021,12:57,14:00,63.0,72,PYTHON_PANDAS_MATPLOTLIB
04/24/2021,16:01,17:21,80.0,69,ML_SUPERVISED
04/24/2021,20:59,21:59,60.0,60,PWA
04/25/2021,12:58,14:00,62.0,17,APIS
04/25/2021,10:01,11:00,59.0,237,TABLEAU
04/26/2021,21:12,22:12,60.0,239,HTML_CSS
04/28/2021,10:59,11:59,60.0,47,PYTHON_PANDAS_MATPLOTLIB
04/28/2021,20:00,21:00,60.0,10,COMPUTER_SCIENCE
04/29/2021,07:59,08:59,60.0,149,GIT
04/29/2021,20:00,21:00,60.0,179,APIS
04/29/2021,22:00,23:00,60.0,60,REACT
04/30/2021,10:57,11:43,46.0,156,PYTHON_PANDAS_MATPLOTLIB
05/01/2021,08:01,09:01,60.0,157,ML_UNSUPERVISED
05/01/2021,12:58,13:58,60.0,72,APIS
05/01/2021,21:00,22:00,60.0,98,ORMS
05/02/2021,12:57,14:00,63.0,17,PYTHON_PANDAS_MATPLOTLIB
05/03/2021,08:00,09:00,60.0,149,EXCEL_VBA
05/03/2021,10:00,11:00,60.0,98,ORMS
05/03/2021,12:01,13:00,59.0,194,CONSULTING
05/03/2021,12:57,13:47,50.0,253,GIT
05/03/2021,17:07,18:07,60.0,239,JAVASCRIPT
05/05/2021,19:58,20:58,60.0,179,ETL
05/06/2021,14:01,15:03,62.0,71,PYTHON_PANDAS_MATPLOTLIB
05/06/2021,19:55,20:55,60.0,72,CONSULTING
05/07/2021,13:57,14:57,60.0,156,ORMS
05/08/2021,11:01,12:02,61.0,209,APIS
05/08/2021,22:00,22:38,38.0,34,DOCKER_DEPLOY
05/09/2021,07:02,08:02,60.0,157,ML_SUPERVISED
05/09/2021,20:00,21:00,60.0,60,REACT
05/10/2021,10:58,11:48,50.0,244,APIS
05/10/2021,14:25,16:26,121.0,98,CONSULTING
05/10/2021,04:59,06:03,64.0,34,DOCKER_DEPLOY
05/11/2021,22:01,23:01,60.0,237,ML_SUPERVISED
05/12/2021,09:59,11:00,61.0,47,ORMS
05/12/2021,19:56,20:59,63.0,253,EXCEL_VBA
05/12/2021,22:07,23:07,60.0,239,JAVASCRIPT
05/12/2021,07:58,08:58,60.0,149,EXCEL_VBA
05/13/2021,12:01,13:01,60.0,157,SQL
05/13/2021,13:58,14:58,60.0,156,FLASK
05/13/2021,16:04,17:04,60.0,71,PYTHON_PANDAS_MATPLOTLIB
05/14/2021,05:34,06:35,61.0,209,APIS
05/14/2021,09:58,10:58,60.0,92,COMPUTER_SCIENCE
05/14/2021,12:00,13:00,60.0,194,PYTHON_PANDAS_MATPLOTLIB
05/14/2021,14:01,15:01,60.0,254,ML_SUPERVISED
05/14/2021,19:00,20:02,62.0,10,JAVASCRIPT
05/12/2021,08:58,10:00,62.0,144,FLASK
05/15/2021,21:01,22:01,60.0,60,REACT
05/16/2021,13:03,14:03,60.0,17,SQL
05/16/2021,18:59,20:00,61.0,172,PYTHON_PANDAS_MATPLOTLIB
05/17/2021,09:01,10:02,61.0,209,JAVASCRIPT
05/16/2021,11:02,12:02,60.0,71,PYTHON_PANDAS_MATPLOTLIB
05/18/2021,11:00,12:00,60.0,241,PYTHON_PANDAS_MATPLOTLIB
05/20/2021,11:56,12:58,62.0,156,HTML_CSS
05/19/2021,15:05,16:04,59.0,239,COMPUTER_SCIENCE
05/20/2021,16:57,17:57,60.0,3,SQL
05/20/2021,18:32,19:32,60.0,209,JAVASCRIPT
05/20/2021,19:59,20:59,60.0,179,SQL
05/20/2021,22:00,23:00,60.0,98,DOCKER_DEPLOY
05/21/2021,07:23,08:24,61.0,189,PYTHON_PANDAS_MATPLOTLIB
05/21/2021,08:59,09:59,60.0,47,FLASK
05/21/2021,10:56,11:56,60.0,149,PYTHON_PANDAS_MATPLOTLIB
05/12/2021,19:01,20:01,60.0,10,JAVASCRIPT
05/21/2021,09:02,10:04,62.0,144,APIS
05/22/2021,07:01,08:02,61.0,157,AWS
05/22/2021,02:01,03:01,60.0,72,SQL
05/22/2021,18:02,18:58,56.0,34,JAVASCRIPT
05/22/2021,19:59,20:59,60.0,60,GRAPHQL
05/22/2021,22:00,23:00,60.0,237,ML_SUPERVISED
05/23/2021,07:02,08:02,60.0,69,ML_DEEP_LEARNING
05/23/2021,12:58,13:58,60.0,17,FLASK
05/23/2021,16:00,17:00,60.0,60,GRAPHQL
05/23/2021,20:00,21:00,60.0,253,PYTHON_PANDAS_MATPLOTLIB
05/23/2021,22:57,23:57,60.0,165,PYTHON_PANDAS_MATPLOTLIB
05/24/2021,07:00,08:00,60.0,3,SQL
05/24/2021,11:01,12:05,64.0,10,JAVASCRIPT
05/24/2021,12:59,13:59,60.0,98,GRAPHQL
05/24/2021,22:07,23:05,58.0,239,SQL
05/25/2021,11:00,12:05,65.0,241,PYTHON_PANDAS_MATPLOTLIB
05/25/2021,07:03,08:04,61.0,172,PYTHON_PANDAS_MATPLOTLIB
05/26/2021,05:00,06:00,60.0,3,FLASK
05/26/2021,19:00,20:00,60.0,239,REACT
05/26/2021,21:26,22:26,60.0,172,PYTHON_PANDAS_MATPLOTLIB
05/27/2021,08:01,09:01,60.0,149,PYTHON_PANDAS_MATPLOTLIB
05/27/2021,10:00,11:02,62.0,47,HTML_CSS
05/27/2021,12:03,13:00,57.0,209,FLASK
05/27/2021,15:00,16:00,60.0,156,APIS
05/26/2021,16:00,17:00,60.0,239,NODE_EXPRESS
05/27/2021,20:06,21:06,60.0,144,ML_UNSUPERVISED
05/27/2021,09:03,10:04,61.0,209,STATISTICS
05/27/2021,12:00,14:00,120.0,209,ML_DEEP_LEARNING
05/28/2021,19:00,20:00,60.0,69,ML_DEEP_LEARNING
05/29/2021,07:00,08:32,92.0,209,ML_SUPERVISED
05/29/2021,09:00,10:00,60.0,239,NODE_EXPRESS
05/29/2021,12:59,14:03,64.0,72,SQL
05/29/2021,15:02,16:02,60.0,179,SQL
05/29/2021,19:56,20:56,60.0,60,GRAPHQL
05/30/2021,07:00,09:00,120.0,26,ML_SUPERVISED
05/30/2021,12:00,13:00,60.0,209,ML_SUPERVISED
05/31/2021,09:02,10:02,60.0,209,ML_UNSUPERVISED
05/31/2021,20:00,21:09,69.0,3,HTML_CSS
06/01/2021,07:02,08:02,60.0,33,HTML_CSS
06/01/2021,09:49,11:19,90.0,209,ML_UNSUPERVISED
06/01/2021,16:00,17:00,60.0,26,ML_SUPERVISED
06/01/2021,18:11,19:11,60.0,239,JAVASCRIPT
06/02/2021,08:00,09:00,60.0,226,JAVASCRIPT
06/02/2021,10:26,11:27,61.0,139,SQL
06/02/2021,14:00,15:00,60.0,71,PYTHON_PANDAS_MATPLOTLIB
06/02/2021,20:00,21:02,62.0,165,PYTHON_PANDAS_MATPLOTLIB
06/02/2021,10:00,11:00,60.0,239,JAVASCRIPT
06/03/2021,06:06,06:36,30.0,112,PYTHON_PANDAS_MATPLOTLIB
06/03/2021,08:01,09:01,60.0,149,EXCEL_VBA
06/03/2021,09:56,10:56,60.0,156,APIS
06/03/2021,12:00,14:00,120.0,139,APIS
06/03/2021,18:04,19:04,60.0,241,PYTHON_PANDAS_MATPLOTLIB
06/03/2021,20:00,21:00,60.0,239,JAVASCRIPT
06/04/2021,08:02,08:30,28.0,189,PYTHON_PANDAS_MATPLOTLIB
06/04/2021,09:58,10:58,60.0,47,APIS
06/04/2021,12:00,14:00,120.0,198,ML_SUPERVISED
06/04/2021,13:59,14:59,60.0,172,JAVASCRIPT
06/04/2021,19:00,22:00,180.0,20,FLASK
06/04/2021,09:02,10:02,60.0,172,PYTHON_PANDAS_MATPLOTLIB
06/05/2021,14:59,15:59,60.0,240,APIS
06/05/2021,17:01,18:03,62.0,72,APIS
06/06/2021,07:08,08:08,60.0,172,APIS
06/06/2021,13:01,14:00,59.0,17,APIS
06/06/2021,15:01,16:11,70.0,9,APIS
06/06/2021,13:01,14:00,59.0,17,APIS
06/06/2021,15:01,15:11,10.0,9,APIS
06/05/2021,19:00,20:00,60.0,239,HTML_CSS
06/06/2021,20:00,21:10,70.0,165,PYTHON_PANDAS_MATPLOTLIB
06/07/2021,05:01,06:02,61.0,3,FLASK
06/07/2021,10:01,11:01,60.0,139,TABLEAU
06/07/2021,12:01,13:01,60.0,179,HTML_CSS
06/07/2021,18:26,18:59,33.0,209,TABLEAU
06/08/2021,08:00,09:01,61.0,33,APIS
06/08/2021,11:00,12:00,60.0,139,GIT
06/08/2021,14:01,15:01,60.0,168,GIT
06/08/2021,17:15,18:15,60.0,239,APIS
06/08/2021,18:59,19:59,60.0,165,PYTHON_PANDAS_MATPLOTLIB
06/09/2021,10:00,11:00,60.0,139,STATISTICS
06/09/2021,11:55,12:59,64.0,88,GIT
06/10/2021,08:01,09:02,61.0,149,GIT
06/10/2021,11:05,12:06,61.0,241,STATISTICS
06/10/2021,13:00,14:01,61.0,47,APIS
06/10/2021,14:56,15:26,30.0,64,EXCEL_VBA
06/10/2021,17:00,18:00,60.0,139,STATISTICS
06/10/2021,19:02,20:02,60.0,172,SQL
06/11/2021,09:30,13:09,219.0,209,DOCKER_DEPLOY
06/11/2021,13:02,14:03,61.0,71,APIS
06/11/2021,14:00,15:00,60.0,139,JAVASCRIPT
06/13/2021,17:00,18:00,60.0,239,JAVASCRIPT
06/12/2021,09:07,10:08,61.0,172,APIS
06/12/2021,12:59,13:58,59.0,156,JAVASCRIPT
06/12/2021,14:59,15:59,60.0,72,HTML_CSS
06/12/2021,18:00,19:00,60.0,240,JAVASCRIPT
06/12/2021,20:00,20:34,34.0,112,PYTHON_PANDAS_MATPLOTLIB
06/12/2021,10:08,11:08,60.0,172,APIS
06/13/2021,15:00,16:00,60.0,239,APIS
06/12/2021,18:00,19:00,60.0,237,ML_SUPERVISED
06/14/2021,13:59,14:59,60.0,241,PYTHON_PANDAS_MATPLOTLIB
06/14/2021,17:00,18:00,60.0,167,FLASK
06/16/2021,14:00,15:00,60.0,98,REACT
06/16/2021,18:00,19:00,60.0,179,APIS
06/16/2021,20:02,21:06,64.0,239,APIS
06/16/2021,06:00,07:00,60.0,69,ML_UNSUPERVISED
06/15/2021,10:59,11:59,60.0,71,SQL
06/16/2021,13:00,14:03,63.0,88,EXCEL_VBA
06/17/2021,20:00,21:02,62.0,64,GIT
06/17/2021,07:01,08:01,60.0,149,ETL
06/18/2021,09:00,10:00,60.0,168,GIT
06/18/2021,11:00,12:02,62.0,47,JAVASCRIPT
06/15/2021,16:01,16:31,30.0,9,JAVASCRIPT
06/19/2021,12:06,13:08,62.0,172,JAVASCRIPT
06/19/2021,20:00,21:00,60.0,3,JAVASCRIPT
06/20/2921,11:01,12:01,60.0,10,NODE_EXPRESS
06/20/2021,12:57,13:59,62.0,17,JAVASCRIPT
06/20/2021,17:01,18:02,61.0,165,PYTHON_PANDAS_MATPLOTLIB
06/21/2021,08:59,10:03,64.0,156,JAVASCRIPT
06/21/2021,18:00,19:03,63.0,93,EXCEL_VBA
06/21/2021,21:00,22:00,60.0,239,NODE_EXPRESS
06/21/2021,22:02,23:03,61.0,165,ETL
06/22/2021,11:00,12:01,61.0,98,REACT
06/22/2021,13:01,14:03,62.0,241,ETL
06/22/2021,20:05,21:04,59.0,112,GIT
06/23/2021,06:58,08:01,63.0,244,COMPUTER_SCIENCE
06/23/2021,10:00,11:00,60.0,143,GIT
06/23/2021,12:03,13:03,60.0,88,PYTHON_PANDAS_MATPLOTLIB
06/23/2021,15:59,16:59,60.0,64,PYTHON_PANDAS_MATPLOTLIB
06/23/2021,18:22,19:22,60.0,239,NODE_EXPRESS
06/24/2021,13:02,14:02,60.0,71,SQL
06/24/2021,16:02,17:22,80.0,239,NODE_EXPRESS
06/24/2021,06:00,07:10,70.0,181,ETL
06/25/2021,07:59,09:00,61.0,149,ORMS
06/25/2021,11:01,12:00,59.0,47,JAVASCRIPT
06/25/2021,13:00,14:01,61.0,168,EXCEL_VBA
06/25/2021,20:00,21:00,60.0,143,PYTHON_PANDAS_MATPLOTLIB
06/26/2021,10:05,11:05,60.0,172,PYSPARK
06/26/2021,12:08,13:08,60.0,239,COMPUTER_SCIENCE
06/26/2021,15:00,15:55,55.0,179,JAVASCRIPT
06/23/2021,16:59,18:00,61.0,72,PYTHON_PANDAS_MATPLOTLIB
06/26/2021,19:59,21:02,63.0,3,JAVASCRIPT
06/27/2021,08:02,09:02,60.0,10,NODE_EXPRESS
06/24/2021,10:00,11:00,60.0,33,JAVASCRIPT
06/27/2021,18:00,18:30,30.0,240,STATISTICS
06/28/2021,11:02,12:02,60.0,241,ETL
06/28/2021,09:02,10:03,61.0,172,PYSPARK
06/28/2021,11:00,11:55,55.0,168,EXCEL_VBA
06/28/2021,21:16,22:16,60.0,239,COMPUTER_SCIENCE
06/30/2021,07:00,07:42,42.0,244,JAVASCRIPT
06/30/2021,08:56,10:00,64.0,12,JAVASCRIPT
06/30/2021,11:59,13:00,61.0,88,PYTHON_PANDAS_MATPLOTLIB
06/30/2021,14:01,15:03,62.0,71,ORMS
06/30/2021,18:00,18:40,40.0,64,PYTHON_PANDAS_MATPLOTLIB
07/01/2021,06:01,07:01,60.0,149,APIS
07/01/2021,10:59,12:02,63.0,47,JAVASCRIPT
07/01/2021,13:00,14:01,61.0,17,JAVASCRIPT
07/02/2021,10:00,11:01,61.0,93,PYTHON_PANDAS_MATPLOTLIB
07/02/2021,12:03,13:04,61.0,143,PYTHON_PANDAS_MATPLOTLIB
07/02/2021,14:00,15:01,61.0,156,JAVASCRIPT
07/02/2021,16:00,16:59,59.0,98,REACT
07/02/2021,21:00,21:58,58.0,72,JAVASCRIPT
07/03/2021,10:07,11:07,60.0,239,COMPUTER_SCIENCE
07/03/2021,15:01,16:01,60.0,179,JAVASCRIPT
07/03/2021,08:02,09:02,60.0,3,JAVASCRIPT
07/06/2021,09:01,10:01,60.0,168,PYTHON_PANDAS_MATPLOTLIB
07/06/2021,11:00,12:03,63.0,241,SQL
07/06/2021,21:11,22:11,60.0,239,COMPUTER_SCIENCE
07/07/2021,08:00,09:01,61.0,47,JAVASCRIPT
07/07/2021,12:01,13:01,60.0,88,GIT
07/07/2021,15:03,16:03,60.0,64,PYTHON_PANDAS_MATPLOTLIB
07/07/2021,16:59,17:59,60.0,150,EXCEL_VBA
07/07/2021,18:59,20:00,61.0,171,PYTHON_PANDAS_MATPLOTLIB
07/08/2021,07:01,08:01,60.0,244,JAVASCRIPT
07/08/2021,08:58,09:58,60.0,93,PYTHON_PANDAS_MATPLOTLIB
07/08/2021,11:01,12:01,60.0,179,JAVASCRIPT
07/08/2021,12:58,13:38,40.0,17,JAVASCRIPT
07/08/2021,21:18,22:19,61.0,239,NODE_EXPRESS
07/09/2021,07:58,09:01,63.0,149,JAVASCRIPT
07/09/2021,11:02,12:02,60.0,156,JAVASCRIPT
07/09/2021,13:00,14:01,61.0,71,FLASK
07/09/2021,14:57,16:00,63.0,143,PYTHON_PANDAS_MATPLOTLIB
07/09/2021,19:01,20:01,60.0,12,JAVASCRIPT
07/09/2021,20:02,21:00,58.0,98,REACT
07/10/2021,11:09,12:09,60.0,172,ML_SUPERVISED
07/10/2021,13:00,14:00,60.0,239,COMPUTER_SCIENCE
07/10/2021,14:59,16:00,61.0,181,GIT
07/10/2021,17:59,19:00,61.0,72,JAVASCRIPT
07/10/2021,20:00,21:00,60.0,3,JAVASCRIPT
07/11/2021,10:00,11:00,60.0,239,NODE_EXPRESS
07/11/2021,15:00,16:00,60.0,112,SQL
07/13/2021,07:01,08:00,59.0,33,JAVASCRIPT
07/13/2021,10:00,11:01,61.0,47,JAVASCRIPT
07/13/2021,12:03,13:01,58.0,241,ORMS
07/13/2021,20:01,21:00,59.0,71,HTML_CSS
07/14/2021,07:00,08:00,60.0,149,JAVASCRIPT
07/14/2021,09:00,10:00,60.0,168,PYTHON_PANDAS_MATPLOTLIB
07/14/2021,12:01,13:01,60.0,88,APIS
07/14/2021,14:03,15:03,60.0,143,STATISTICS
07/14/2021,15:59,17:03,64.0,98,GRAPHQL
07/14/2021,17:03,18:03,60.0,171,PYTHON_PANDAS_MATPLOTLIB
07/14/2021,20:56,22:04,68.0,165,APIS
07/15/2021,07:03,08:03,60.0,244,JAVASCRIPT
07/15/2021,10:02,11:02,60.0,47,FLASK
07/15/2021,13:00,14:06,66.0,93,PYTHON_PANDAS_MATPLOTLIB
07/15/2021,20:00,20:12,12.0,112,GIT
07/16/2021,07:59,09:00,61.0,149,JAVASCRIPT
07/16/2021,10:00,11:00,60.0,71,HTML_CSS
07/16/2021,12:01,12:57,56.0,150,PYTHON_PANDAS_MATPLOTLIB
07/16/2021,13:59,14:55,56.0,156,JAVASCRIPT
07/16/2021,19:01,19:58,57.0,10,NODE_EXPRESS
07/16/2021,21:05,21:56,51.0,239,REACT
07/17/2021,11:08,11:57,49.0,172,ML_UNSUPERVISED
07/17/2021,13:01,13:47,46.0,64,PYTHON_PANDAS_MATPLOTLIB
07/17/2021,16:00,17:00,60.0,179,JAVASCRIPT
07/17/2021,20:00,21:00,60.0,3,FLASK
07/18/2021,11:00,12:20,80.0,12,APIS
07/16/2021,14:58,15:59,61.0,72,JAVASCRIPT
07/20/2021,07:02,08:02,60.0,33,FLASK
07/20/2021,10:01,11:01,60.0,47,FLASK
07/20/2021,21:02,22:02,60.0,165,SQL
07/21/2021,06:01,07:01,60.0,3,ML_SUPERVISED
07/21/2021,08:00,09:03,63.0,244,JAVASCRIPT
07/21/2021,09:59,10:59,60.0,93,APIS
07/21/2021,12:01,13:03,62.0,88,APIS
07/21/2021,13:59,14:57,58.0,10,NODE_EXPRESS
07/21/2021,15:00,15:56,56.0,98,REACT
07/21/2021,16:00,17:00,60.0,171,PYTHON_PANDAS_MATPLOTLIB
07/21/2021,20:53,21:37,44.0,239,REACT
07/22/2021,07:00,08:03,63.0,149,GIT
07/22/2021,10:01,11:00,59.0,47,FLASK
07/22/2021,14:02,15:01,59.0,71,APIS
07/23/2021,05:58,06:59,61.0,149,JAVASCRIPT
07/23/2021,11:00,12:01,61.0,168,PYTHON_PANDAS_MATPLOTLIB
07/23/2021,13:01,14:00,59.0,143,APIS
07/23/2021,19:03,20:03,60.0,172,ML_SUPERVISED
07/23/2021,21:01,22:00,59.0,179,SQL
07/24/2021,10:10,11:10,60.0,239,REACT
07/24/2021,12:04,13:01,57.0,225,PYTHON_PANDAS_MATPLOTLIB
07/24/2021,13:03,13:58,55.0,17,JAVASCRIPT
07/21/2021,14:00,15:00,60.0,71,APIS
07/24/2021,19:00,20:00,60.0,64,APIS
07/25/2021,11:00,12:00,60.0,72,FLASK
07/24/2021,19:00,20:00,60.0,64,APIS
07/25/2021,11:00,12:00,60.0,72,FLASK
07/27/2021,08:01,09:01,60.0,33,GIT
07/27/2021,09:59,11:01,62.0,72,FLASK
07/27/2021,12:07,13:06,59.0,241,HTML_CSS
07/28/2021,10:01,11:01,60.0,47,COMPUTER_SCIENCE
07/28/2021,11:59,12:51,52.0,88,ETL
07/28/2021,14:59,16:03,64.0,71,JAVASCRIPT
07/29/2021,07:03,08:03,60.0,244,JAVASCRIPT
07/29/2021,09:00,10:00,60.0,241,HTML_CSS
07/29/2021,10:58,12:03,65.0,149,STATISTICS
07/29/2021,12:58,13:58,60.0,156,TABLEAU
07/29/2021,19:04,20:04,60.0,172,ML_DEEP_LEARNING
07/30/2021,08:00,09:01,61.0,149,PYSPARK
07/30/2021,10:00,11:00,60.0,10,SQL
07/30/2021,12:00,13:00,60.0,168,APIS
07/30/2021,14:00,15:00,60.0,143,STATISTICS
07/30/2021,17:58,18:58,60.0,17,JAVASCRIPT
07/30/2021,08:03,09:03,60.0,171,PYTHON_PANDAS_MATPLOTLIB
07/31/2021,11:00,12:00,60.0,225,PYTHON_PANDAS_MATPLOTLIB
07/31/2021,13:59,14:59,60.0,93,SQL
07/31/2021,16:03,17:02,59.0,179,FLASK
07/31/2021,17:57,19:00,63.0,131,APIS
07/31/2021,19:30,20:00:00,60.0,171,PYTHON_PANDAS_MATPLOTLIB
07/31/2021,09:00,10:01,61.0,3,TABLEAU
08/01/2021,08:00,09:00,60.0,225,PYTHON_PANDAS_MATPLOTLIB
08/01/2021,11:00,12:00,60.0,64,SQL
08/01/2021,14:57,15:57,60.0,240,ML_DEEP_LEARNING
08/03/2021,06:59,07:59,60.0,33,ML_SUPERVISED
08/03/2021,11:02,12:03,61.0,241,SQL
08/03/2021,12:58,13:59,61.0,71,JAVASCRIPT
08/03/2021,19:00,20:01,61.0,165,SQL
08/04/2021,21:00,21:12,12.0,112,GIT
08/04/2021,09:59,11:03,64.0,149,ETL
08/04/2021,13:44,14:47,63.0,88,ETL
08/04/2021,14:59,16:01,62.0,225,PYTHON_PANDAS_MATPLOTLIB
08/04/2021,17:01,18:01,60.0,47,ML_SUPERVISED
08/05/2021,09:00,10:02,62.0,168,PYTHON_PANDAS_MATPLOTLIB
08/05/2021,11:00,12:00,60.0,156,ML_SUPERVISED
08/06/2021,11:01,12:00,59.0,93,SQL
08/06/2021,12:03,13:03,60.0,143,SQL
08/07/2021,10:05,11:06,61.0,225,APIS
08/07/2021,15:02,16:02,60.0,179,TABLEAU
08/07/2021,17:00,17:59,59.0,131,SQL
08/07/2021,18:01,18:55,54.0,171,SQL
08/07/2021,19:00,20:06,66.0,3,ML_SUPERVISED
08/08/2021,08:00,09:06,66.0,64,ETL
08/08/2021,12:58,14:00,62.0,240,PYSPARK
08/10/2021,07:58,09:00,62.0,72,JAVASCRIPT
08/10/2021,11:00,12:03,63.0,93,SQL
08/10/2021,19:07,20:08,61.0,71,JAVASCRIPT
08/11/2021,07:59,08:59,60.0,33,ML_SUPERVISED
08/11/2021,10:04,11:05,61.0,47,ML_UNSUPERVISED
08/11/2021,12:01,13:03,62.0,88,APIS
08/11/2021,15:01,15:56,55.0,10,NODE_EXPRESS
08/11/2021,16:11,17:11,60.0,74,PYTHON_PANDAS_MATPLOTLIB
08/12/2021,09:01,10:04,63.0,241,APIS
08/12/2021,13:05,14:02,57.0,47,PYSPARK
08/13/2021,08:00,09:00,60.0,244,ML_UNSUPERVISED
08/13/2021,11:06,12:07,61.0,143,ORMS
08/13/2021,14:01,15:01,60.0,225,SQL
08/13/2021,16:07,17:07,60.0,179,ML_SUPERVISED
08/13/2021,18:03,20:03,120.0,171,APIS
08/14/2021,11:03,12:03,60.0,225,ETL
08/14/2021,12:57,13:59,62.0,74,PYTHON_PANDAS_MATPLOTLIB
08/14/2021,15:00,16:00,60.0,149,ML_SUPERVISED
08/14/2021,17:58,18:58,60.0,131,FLASK
08/14/2021,20:04,21:04,60.0,3,STATISTICS
08/15/2021,09:00,09:58,58.0,64,SQL
08/15/2021,11:00,12:00,60.0,149,AWS
08/17/2021,08:59,10:02,63.0,72,ML_SUPERVISED
08/17/2021,10:59,12:00,61.0,93,ORMS
08/17/2021,13:02,14:06,64.0,71,FLASK
08/18/2021,12:01,13:02,61.0,88,FLASK
08/18/2021,14:00,15:00,60.0,225,ORMS
08/18/2021,15:59,17:00,61.0,143,FLASK
08/18/2021,20:04,21:05,61.0,10,COMPUTER_SCIENCE
08/19/2021,11:00,12:00,60.0,74,PYTHON_PANDAS_MATPLOTLIB
08/19/2021,12:58,15:00,122.0,240,AWS
08/20/2021,10:00,11:02,62.0,156,ML_DEEP_LEARNING
08/20/2021,14:59,16:02,63.0,33,STATISTICS
08/20/2021,18:03,19:03,60.0,241,JAVASCRIPT
08/21/2021,10:03,11:02,59.0,171,APIS
08/21/2021,14:05,15:05,60.0,172,STATISTICS
08/21/2021,16:00,17:01,61.0,179,PYSPARK
08/21/2021,20:01,21:02,61.0,3,DOCKER_DEPLOY
08/22/2021,08:03,09:01,58.0,171,SQL
08/22/2021,10:00,11:02,62.0,225,SQL
08/22/2021,12:00,13:01,61.0,64,APIS
08/22/2021,14:00,15:00,60.0,172,JAVASCRIPT
08/22/2021,15:59,17:02,63.0,131,ORMS
08/23/2021,13:00,14:03,63.0,10,NODE_EXPRESS
08/23/2021,18:00,19:00,60.0,179,STATISTICS
08/24/2021,08:58,09:58,60.0,33,STATISTICS
08/26/2021,11:05,12:05,60.0,71,FLASK
08/24/2021,13:01,13:57,56.0,93,ORMS
08/24/2021,19:03,20:04,61.0,165,ORMS
08/24/2021,06:59,07:59,60.0,3,STATISTICS
08/25/2021,12:02,13:03,61.0,88,FLASK
08/25/2021,13:58,15:00,62.0,149,ML_SUPERVISED
08/25/2021,16:00,17:00,60.0,64,FLASK
08/25/2021,19:00,20:00,60.0,165,ORMS
08/26/2021,07:01,07:55,54.0,244,ML_SUPERVISED
08/26/2021,12:01,13:00,59.0,143,HTML_CSS
08/26/2021,19:00,20:00,60.0,71,JAVASCRIPT
08/27/2021,12:09,13:11,62.0,74,PYTHON_PANDAS_MATPLOTLIB
08/27/2021,16:02,17:02,60.0,241,JAVASCRIPT
08/28/2021,12:00,13:00,60.0,132,APIS
08/28/2021,14:01,15:00,59.0,171,APIS
08/26/2021,16:00,17:00,60.0,168,ORMS
08/28/2021,17:56,19:00,64.0,131,JAVASCRIPT
08/29/2021,08:01,08:57,56.0,177,SQL
08/29/2021,09:01,10:01,60.0,149,ML_SUPERVISED
08/29/2021,11:00,12:03,63.0,74,PYTHON_PANDAS_MATPLOTLIB
08/31/2021,06:58,07:58,60.0,150,ETL
08/31/2021,08:59,09:59,60.0,168,SQL
08/31/2021,11:00,12:00,60.0,93,HTML_CSS
08/31/2021,19:01,20:01,60.0,171,APIS
09/01/2021,08:00,09:00,60.0,132,FLASK
09/01/2021,12:01,13:01,60.0,88,TABLEAU
09/01/2021,13:59,14:59,60.0,143,APIS
09/01/2021,16:00,17:00,60.0,64,JAVASCRIPT
09/01/2021,20:01,20:58,57.0,165,ML_UNSUPERVISED
09/02/2021,08:00,09:03,63.0,149,ML_UNSUPERVISED
09/02/2021,11:01,12:01,60.0,241,FLASK
09/03/2021,10:00,11:00,60.0,74,PYTHON_PANDAS_MATPLOTLIB
09/03/2021,12:00,12:33,33.0,44,GIT
09/03/2021,13:59,14:59,60.0,72,TABLEAU
09/02/2021,18:03,19:03,60.0,71,FLASK
09/04/2021,11:59,12:59,60.0,225,SQL
09/04/2021,17:51,18:51,60.0,131,JAVASCRIPT
09/05/2021,11:57,13:00,63.0,177,APIS
09/06/2021,15:00,16:01,61.0,71,ML_UNSUPERVISED
09/07/2021,08:59,10:00,61.0,168,HTML_CSS
09/07/2021,11:01,12:01,60.0,93,FLASK
09/07/2021,13:00,14:00,60.0,143,ETL
09/07/2021,18:59,20:01,62.0,165,FLASK
09/08/2021,07:59,08:59,60.0,74,GIT
09/08/2021,10:01,11:01,60.0,241,DOCKER_DEPLOY
09/08/2021,16:00,16:58,58.0,64,GIT
09/08/2021,19:00,20:00,60.0,171,ORMS
09/11/2021,10:00,11:03,63.0,149,ML_DEEP_LEARNING
09/11/2021,12:00,12:59,59.0,132,JAVASCRIPT
09/11/2021,13:57,15:00,63.0,225,JAVASCRIPT
09/11/2021,17:56,18:56,60.0,131,JAVASCRIPT
09/12/2021,08:00,09:00,60.0,150,FLASK
09/12/2021,11:58,12:55,57.0,177,JAVASCRIPT
09/14/2021,08:06,09:00,54.0,74,PYTHON_PANDAS_MATPLOTLIB
09/15/2021,09:00,10:00,60.0,132,JAVASCRIPT
09/15/2021,11:59,13:02,63.0,88,JAVASCRIPT
09/15/2021,14:04,15:04,60.0,241,SQL
09/15/2021,16:00,17:00,60.0,64,JAVASCRIPT
09/16/2021,12:00,13:06,66.0,143,AWS
09/16/2021,18:59,20:02,63.0,165,JAVASCRIPT
09/17/2021,10:00,10:40,40.0,44,EXCEL_VBA
09/17/2021,12:00,13:00,60.0,74,PYTHON_PANDAS_MATPLOTLIB
09/17/2021,14:02,15:02,60.0,71,ML_DEEP_LEARNING
09/18/2021,09:56,11:06,70.0,149,ETL
09/18/2021,12:01,13:04,63.0,225,JAVASCRIPT
09/18/2021,15:02,16:00,58.0,171,JAVASCRIPT
09/18/2021,17:58,19:02,64.0,131,TABLEAU
09/19/2021,07:59,09:03,64.0,168,APIS
09/19/2021,11:00,12:00,60.0,177,JAVASCRIPT
09/19/2021,13:01,14:01,60.0,171,JAVASCRIPT
09/21/2021,10:00,11:01,61.0,93,JAVASCRIPT
09/21/2021,12:00,13:00,60.0,143,JAVASCRIPT
09/22/2021,10:00,11:00,60.0,241,ML_SUPERVISED
09/22/2021,12:00,13:02,62.0,88,PYSPARK
09/22/2021,17:30,18:30,60.0,44,EXCEL_VBA
09/23/2021,08:01,09:40,99.0,74,PYTHON_PANDAS_MATPLOTLIB
09/23/2021,19:00,20:00,60.0,71,ML_DEEP_LEARNING
09/24/2021,11:00,12:00,60.0,132,PYTHON_PANDAS_MATPLOTLIB
09/24/2021,19:00,20:04,64.0,217,EXCEL_VBA
09/25/2021,10:00,11:02,62.0,149,STATISTICS
09/25/2021,12:00,13:00,60.0,64,STATISTICS
09/25/2021,18:00,19:02,62.0,131,STATISTICS
09/26/2021,08:00,10:00,120.0,171,TABLEAU
09/26/2021,12:00,13:00,60.0,177,TABLEAU
09/26/2021,15:00,16:00,60.0,225,JAVASCRIPT
09/26/2021,17:00,18:00,60.0,165,ML_SUPERVISED
09/28/2021,13:00,14:00,60.0,93,JAVASCRIPT
09/28/2021,19:00,20:08,68.0,149,ML_SUPERVISED
09/29/2021,12:00,13:00,60.0,88,ML_SUPERVISED
09/29/2021,14:00,15:00,60.0,168,JAVASCRIPT
09/29/2021,18:00,19:00,60.0,171,STATISTICS
10/01/2021,09:03,10:07,64.0,241,ML_SUPERVISED
10/01/2021,11:00,12:01,61.0,79,PYTHON_PANDAS_MATPLOTLIB
10/01/2021,19:00,20:00,60.0,217,PYTHON_PANDAS_MATPLOTLIB
10/01/2021,10:00,11:00,60.0,64,PYSPARK
10/02/2021,13:00,14:00,60.0,225,STATISTICS
10/02/2021,16:00,19:07,187.0,44,PYTHON_PANDAS_MATPLOTLIB
10/02/2021,19:00,20:00,60.0,131,PYSPARK
10/03/2021,11:00,12:01,61.0,177,STATISTICS
10/03/2021,13:01,14:01,60.0,143,HTML_CSS
10/03/2021,16:00,18:10,130.0,165,ML_UNSUPERVISED
10/05/2021,13:00,14:01,61.0,93,JAVASCRIPT
10/05/2021,19:00,20:00,60.0,165,ML_SUPERVISED
10/06/2021,10:26,11:26,60.0,74,APIS
10/06/2021,12:00,13:00,60.0,88,ML_UNSUPERVISED
10/07/2021,11:00,12:00,60.0,241,ML_UNSUPERVISED
10/08/2021,10:00,11:00,60.0,168,JAVASCRIPT
10/08/2021,12:00,13:05,65.0,79,PYTHON_PANDAS_MATPLOTLIB
10/08/2021,14:00,15:00,60.0,44,PYTHON_PANDAS_MATPLOTLIB
10/08/2021,18:00,19:00,60.0,217,PYTHON_PANDAS_MATPLOTLIB
10/09/2021,10:00,11:01,61.0,225,PYSPARK
10/09/2021,12:00,13:00,60.0,132,PYSPARK
10/09/2021,17:00,18:00,60.0,14,GIT
10/09/2021,19:00,20:00,60.0,131,ML_UNSUPERVISED
10/10/2021,10:00,11:00,60.0,64,ML_UNSUPERVISED
10/10/2021,12:00,13:00,60.0,177,PYSPARK
10/10/2021,14:00,15:00,60.0,143,AWS
10/13/2021,11:00,12:00,60.0,35,JAVASCRIPT
10/13/2021,12:02,13:08,66.0,88,ML_DEEP_LEARNING
10/13/2021,16:00,17:02,62.0,74,APIS
10/14/2021,10:00,10:58,58.0,74,APIS
10/14/2021,12:00,13:00,60.0,241,ML_DEEP_LEARNING
10/14/2021,13:02,14:05,63.0,168,JAVASCRIPT
10/14/2021,19:00,20:00,60.0,186,PYTHON_PANDAS_MATPLOTLIB
10/15/2021,10:00,11:00,60.0,132,ML_SUPERVISED
10/15/2021,14:00,15:08,68.0,44,PYTHON_PANDAS_MATPLOTLIB
10/16/2021,12:00,13:00,60.0,225,PYSPARK
10/16/2021,14:00,15:01,61.0,171,ML_SUPERVISED
10/16/2021,17:00,18:02,62.0,217,PYTHON_PANDAS_MATPLOTLIB
10/16/2021,19:00,20:02,62.0,131,ML_UNSUPERVISED
10/17/2021,09:00,10:00,60.0,64,ML_UNSUPERVISED
10/17/2021,12:00,13:00,60.0,93,ML_SUPERVISED
10/17/2021,14:00,15:03,63.0,171,JAVASCRIPT
10/18/2021,16:00,17:01,61.0,35,SQL
10/19/2021,10:00,11:00,60.0,74,APIS
10/19/2021,08:00,09:00,60.0,14,PYTHON_PANDAS_MATPLOTLIB
10/20/2021,14:00,15:00,60.0,171,JAVASCRIPT
10/21/2021,11:00,12:01,61.0,241,STATISTICS
10/22/2021,13:00,14:02,62.0,168,JAVASCRIPT
10/21/2021,19:00,20:08,68.0,186,PYTHON_PANDAS_MATPLOTLIB
10/22/2021,08:00,09:00,60.0,74,APIS
10/22/2021,10:00,11:02,62.0,93,ML_SUPERVISED
10/20/2021,14:00,15:00,60.0,44,APIS
10/22/2021,19:00,20:02,62.0,143,ML_SUPERVISED
10/23/2021,12:00,13:02,62.0,225,ML_SUPERVISED
10/23/2021,16:00,17:00,60.0,131,ML_DEEP_LEARNING
10/23/2021,18:00,19:02,62.0,217,APIS
10/24/2021,08:00,09:08,68.0,64,ML_SUPERVISED
10/24/2021,10:00,11:00,60.0,132,ML_UNSUPERVISED
10/24/2021,12:00,13:01,61.0,177,ML_UNSUPERVISED
10/24/2021,14:00,15:02,62.0,168,HTML_CSS
10/25/2021,12:00,13:01,61.0,252,PYTHON_PANDAS_MATPLOTLIB
10/25/2021,15:00,16:06,66.0,203,PYTHON_PANDAS_MATPLOTLIB
10/25/2021,18:00,19:00,60.0,44,ETL
10/26/2021,08:00,09:01,61.0,14,PYTHON_PANDAS_MATPLOTLIB
10/26/2021,10:00,11:00,60.0,168,FLASK
10/26/2021,13:00,14:00,60.0,93,ML_UNSUPERVISED
10/27/2021,12:00,13:00,60.0,88,ML_UNSUPERVISED
10/27/2021,13:00,15:00,120.0,171,ML_SUPERVISED
10/27/2021,16:00,17:00,60.0,74,SQL
10/28/2021,11:00,12:00,60.0,168,ETL
10/28/2021,12:00,13:00,60.0,241,ETL
10/28/2021,19:00,20:03,63.0,186,APIS
10/29/2021,13:00,14:00,60.0,64,ML_SUPERVISED
10/29/2021,19:00,20:00,60.0,143,ML_UNSUPERVISED
10/30/2021,11:00,11:55,55.0,79,APIS
10/30/2021,14:00,15:00,60.0,225,ML_DEEP_LEARNING
10/30/2021,16:00,17:00,60.0,131,STATISTICS
10/31/2021,09:00,10:08,68.0,132,ML_DEEP_LEARNING
10/31/2021,15:00,15:58,58.0,177,ML_UNSUPERVISED
10/31/2021,16:00,17:03,63.0,35,TABLEAU
11/02/2021,08:00,09:00,60.0,252,APIS
11/02/2021,11:00,12:00,60.0,74,SQL
11/02/2021,14:00,15:00,60.0,93,ML_DEEP_LEARNING
11/02/2021,19:00,20:00,60.0,14,APIS
11/03/2021,12:00,12:59,59.0,88,ML_DEEP_LEARNING
11/03/2021,16:00,17:01,61.0,203,ML_SUPERVISED
11/04/2021,13:00,14:01,61.0,131,STATISTICS
11/04/2021,19:00,20:00,60.0,186,PYTHON_PANDAS_MATPLOTLIB
11/05/2021,08:00,09:00,60.0,252,SQL
11/05/2021,10:00,11:02,62.0,74,SQL
11/05/2021,12:00,13:00,60.0,168,TABLEAU
11/05/2021,18:00,19:01,61.0,143,ML_DEEP_LEARNING
11/06/2021,10:00,11:00,60.0,132,ML_DEEP_LEARNING
11/06/2021,13:00,14:00,60.0,225,ML_DEEP_LEARNING
11/06/2021,15:00,16:00,60.0,44,SQL
11/06/2021,17:00,18:00,60.0,171,FLASK
11/06/2021,18:03,19:03,60.0,217,SQL
11/07/2021,09:00,10:00,60.0,64,ML_SUPERVISED
11/07/2021,12:00,13:02,62.0,177,ML_DEEP_LEARNING
11/07/2021,16:00,17:00,60.0,35,ML_SUPERVISED
11/07/2021,18:00,19:06,66.0,203,ML_SUPERVISED
11/09/2021,11:00,12:00,60.0,93,ML_DEEP_LEARNING
11/10/2021,10:00,11:00,60.0,252,ML_DEEP_LEARNING
11/10/2021,12:00,13:01,61.0,88,ML_SUPERVISED
11/11/2021,19:00,20:00,60.0,186,SQL
11/12/2021,10:00,11:04,64.0,252,ML_UNSUPERVISED
11/12/2021,12:00,13:00,60.0,143,AWS
11/12/2021,13:00,14:00,60.0,74,SQL
11/12/2021,14:00,15:00,60.0,131,STATISTICS
11/13/2021,10:00,11:00,60.0,150,AWS
11/13/2021,12:00,13:00,60.0,225,ML_SUPERVISED
11/13/2021,14:00,15:00,60.0,64,ML_SUPERVISED
11/13/2021,17:00,18:00,60.0,217,SQL
11/13/2021,19:00,20:00,60.0,14,SQL
11/14/2021,08:00,09:00,60.0,132,TABLEAU
11/14/2021,12:00,13:00,60.0,203,ML_SUPERVISED
11/14/2021,17:00,18:00,60.0,35,ML_UNSUPERVISED
11/15/2021,12:00,13:00,60.0,74,JAVASCRIPT
11/16/2021,13:00,14:01,61.0,93,ML_DEEP_LEARNING
11/16/2021,19:00,20:00,60.0,186,SQL
11/17/2021,10:00,11:00,60.0,168,ML_DEEP_LEARNING
11/17/2021,12:00,13:00,60.0,88,ML_SUPERVISED
11/17/2021,14:00,15:00,60.0,143,PYSPARK
11/17/2021,15:00,16:00,60.0,203,ML_SUPERVISED
11/18/1202,13:00,14:00,60.0,64,JAVASCRIPT
11/18/2021,19:00,20:04,64.0,186,
11/19/2021,10:00,11:00,60.0,252,ETL
11/19/2021,12:00,13:00,60.0,74,ETL
11/19/2021,14:00,15:00,60.0,44,FLASK
11/20/2021,14:00,14:53,53.0,225,ML_DEEP_LEARNING
11/20/2021,19:00,20:00,60.0,14,GIT
11/21/2021,08:00,09:00,60.0,171,ML_SUPERVISED
11/21/2021,12:00,13:00,60.0,35,ML_DEEP_LEARNING
11/21/2021,17:00,18:00,60.0,131,ML_DEEP_LEARNING
11/23/2021,11:00,12:00,60.0,93,ML_SUPERVISED
11/23/2021,13:00,14:05,65.0,186,ORMS
11/24/2021,11:00,12:02,62.0,131,GIT
11/24/2021,13:00,14:00,60.0,143,AWS
11/24/2021,15:00,16:00,60.0,74,SQL
11/24/2021,17:00,18:00,60.0,203,ML_DEEP_LEARNING
11/25/2021,12:00,13:00,60.0,132,TABLEAU
11/26/2021,08:00,09:00,60.0,168,ML_DEEP_LEARNING
11/26/2021,19:00,20:03,63.0,203,ML_SUPERVISED
11/27/2021,10:00,11:03,63.0,186,FLASK
11/28/2021,12:00,13:00,60.0,225,ML_SUPERVISED
11/28/2021,13:00,14:00,60.0,44,GIT
11/28/2021,14:00,14:30,30.0,79,GIT
11/29/2021,15:00,16:00,60.0,196,STATISTICS
11/30/2021,13:00,14:00,60.0,74,JAVASCRIPT
11/30/2021,19:00,20:04,64.0,186,HTML_CSS
12/01/2021,08:00,11:00,180.0,171,TABLEAU
12/02/2021,08:00,09:00,60.0,74,ML_DEEP_LEARNING
12/02/2021,10:00,12:00,120.0,168,ML_SUPERVISED
12/2/2021,19:00,20:01,61.0,186,HTML_CSS
12/4/2021,16:00,16:30,30.0,152,PYTHON_PANDAS_MATPLOTLIB
12/4/2021,18:00,19:00,60.0,35,ML_DEEP_LEARNING
12/5/2021,08:00,09:00,60.0,196,ML_UNSUPERVISED
12/5/2021,16:00,17:00,60.0,44,APIS
12/6/2021,15:00,16:01,61.0,196,ML_DEEP_LEARNING
12/7/2021,19:00,20:00,60.0,186,APIS
12/8/2021,16:00,17:00,60.0,44,APIS
12/9/2021,17:00,18:01,61.0,100,PYTHON_PANDAS_MATPLOTLIB
12/9/2021,19:00,20:00,60.0,186,SQL
12/10/2021,08:00,09:30,90.0,168,COMPUTER_SCIENCE
12/10/2021,12:00,13:00,60.0,181,GIT
12/10/2021,19:00,20:30,90.0,14,SQL
12/11/2021,18:00,18:58,58.0,35,STATISTICS
12/12/2021,08:00,09:00,60.0,79,SQL
12/13/2021,19:00,20:00,60.0,35,ML_SUPERVISED
12/14/2021,17:00,18:00,60.0,100,APIS
12/14/2021,19:00,20:00,60.0,186,ORMS
12/16/2021,17:00,18:00,60.0,186,SQL
12/18/2021,21:00,22:03,63.0,14,HTML_CSS
12/20/2021,13:00,14:00,60.0,44,JAVASCRIPT
12/22/2021,13:00,13:30,30.0,44,JAVASCRIPT
12/23/2021,17:00,19:00,120.0,186,JAVASCRIPT
12/28/2021,18:00,19:00,60.0,147,EXCEL_VBA
12/30/2021,17:00,18:00,60.0,186,JAVASCRIPT
12/30/2021,19:00,20:00,60.0,14,PYTHON_PANDAS_MATPLOTLIB
12/31/2021,09:00,10:00,60.0,186,JAVASCRIPT
12/31/2021,11:00,12:00,60.0,120,PYTHON_PANDAS_MATPLOTLIB
12/31/2021,13:00,14:00,60.0,158,PYTHON_PANDAS_MATPLOTLIB
12/31/2021,18:00,19:00,60.0,242,SQL
01/01/2021,10:00,12:00,120.0,109,GIT
01/01/2022,13:00,14:00,60.0,100,CONSULTING
01/02/2021,14:00,15:01,61.0,14,ORMS
01/02/2021,14:00,15:01,61.0,14,SQL
01/04/2021,18:30,19:30,60.0,186,JAVASCRIPT
01/07/2021,10:00,11:00,60.0,109,EXCEL_VBA
01/06/2021,14:00,15:00,60.0,120,PYTHON_PANDAS_MATPLOTLIB
01/07/2021,18:00,19:00,60.0,242,SQL
01/08/2021,10:00,11:00,60.0,23,EXCEL_VBA
01/08/2021,12:00,13:00,60.0,44,HTML_CSS
01/08/2021,19:00,20:00,60.0,14,FLASK
01/09/2021,08:00,09:00,60.0,147,EXCEL_VBA
01/09/2021,10:00,11:00,60.0,186,JAVASCRIPT
01/09/2021,16:00,17:00,60.0,118,PYTHON_PANDAS_MATPLOTLIB
1/12/2022,08:00,09:00,60.0,158,PYTHON_PANDAS_MATPLOTLIB
1/13/2022,08:00,09:00,60.0,79,JAVASCRIPT
1/13/2022,17:00,18:01,61.0,23,GIT
1/13/2022,18:04,20:04,120.0,186,JAVASCRIPT
1/14/2022,09:00,10:00,60.0,44,FLASK
1/14/2022,14:00,15:00,60.0,120,PYTHON_PANDAS_MATPLOTLIB
1/14/2022,18:00,19:00,60.0,14,APIS
1/15/2022,12:00,13:00,60.0,100,SQL
1/15/2022,14:00,15:01,61.0,14,FLASK
01/15/2022,18:00,19:00,60.0,242,SQL
1/12/2022,11:00,12:00,60.0,109,EXCEL_VBA
1/16/2022,17:00,18:00,60.0,147,PYTHON_PANDAS_MATPLOTLIB
01/18/2022,18:00,19:00,60.0,186,SQL
01/19/2022,19:00,20:02,62.0,158,PYTHON_PANDAS_MATPLOTLIB
01/20/2022,08:00,09:00,60.0,186,JAVASCRIPT
01/21/2022,08:00,09:00,60.0,109,PYTHON_PANDAS_MATPLOTLIB
01/21/2022,14:00,15:00,60.0,120,PYTHON_PANDAS_MATPLOTLIB
01/22/2022,17:00,18:00,60.0,14,JAVASCRIPT
01/22/2022,19:00,20:00,60.0,242,SQL
01/23/2022,09:00,10:00,60.0,109,PYTHON_PANDAS_MATPLOTLIB
01/23/2022,15:00,16:00,60.0,118,PYTHON_PANDAS_MATPLOTLIB
01/26/2022,09:00,10:03,63.0,109,PYTHON_PANDAS_MATPLOTLIB
1/28/2022,09:00,10:00,60.0,109,GIT
1/28/2022,10:00,11:00,60.0,120,APIS
1/28/2022,14:00,15:03,63.0,44,TABLEAU
1/28/2022,19:00,20:00,60.0,14,SQL
1/29/2022,10:00,11:00,60.0,23,GIT
1/29/2022,18:00,19:00,60.0,242,SQL
1/30/2022,09:00,10:00,60.0,147,PYTHON_PANDAS_MATPLOTLIB
1/30/2022,13:00,15:03,123.0,186,TABLEAU
1/30/2022,19:00,20:01,61.0,158,APIS
02/01/2021,08:00,09:03,63.0,158,PYTHON_PANDAS_MATPLOTLIB
02/01/2021,19:00,20:00,60.0,186,TABLEAU
02/02/2021,07:00,08:00,60.0,109,PYTHON_PANDAS_MATPLOTLIB
02/04/2021,12:00,13:00,60.0,120,STATISTICS
02/04/2021,14:00,14:30,30.0,79,ML_SUPERVISED
02/05/2022,10:00,11:00,60.0,147,APIS
02/05/2022,14:00,15:00,60.0,14,TABLEAU
02/05/2022,19:00,20:00,60.0,242,SQL
02/06/2022,08:00,09:00,60.0,109,PYTHON_PANDAS_MATPLOTLIB
02/06/2022,11:00,12:00,60.0,186,TABLEAU
02/06/2022,16:00,17:00,60.0,100,FLASK
02/08/2022,14:00,15:00,60.0,23,SQL
02/09/2022,20:00,21:00,60.0,242,SQL
02/10/2022,08:00,09:00,60.0,109,SQL
02/10/2022,16:00,17:00,60.0,186,ML_SUPERVISED
02/11/2022,16:30,17:33,63.0,186,ML_SUPERVISED
02/12/2022,10:00,11:00,60.0,147,SQL
02/13/2022,08:00,09:00,60.0,109,APIS
02/13/2022,10:00,11:00,60.0,23,APIS
02/13/2022,12:00,13:00,60.0,120,SQL
02/15/2022,08:00,09:00,60.0,44,ML_DEEP_LEARNING
02/15/2022,14:00,15:00,60.0,109,APIS
02/16/2022,18:30,19:30,60.0,186,ML_UNSUPERVISED
02/17/2022,14:00,15:01,61.0,158,ORMS
02/17/2022,16:00,17:00,60.0,186,ML_UNSUPERVISED
02/18/2022,12:00,13:00,60.0,120,SQL
02/18/2022,14:00,15:00,60.0,152,EXCEL_VBA
02/18/2022,18:38,19:40,62.0,14,ETL
02/19/2022,10:00,11:00,60.0,147,ETL
02/19/2022,14:00,15:02,62.0,100,JAVASCRIPT
02/19/2022,16:00,17:00,60.0,14,ETL
02/19/2022,18:00,19:00,60.0,242,SQL
2/23/2022,20:00,21:00,60.0,158,SQL
2/24/2022,16:00,17:00,60.0,186,ML_DEEP_LEARNING
2/24/2022,20:00,21:00,60.0,100,JAVASCRIPT
2/25/2022,08:00,09:01,61.0,109,ETL
2/25/2022,11:00,12:00,60.0,118,APIS
2/25/2022,13:00,14:00,60.0,152,PYTHON_PANDAS_MATPLOTLIB
2/25/2022,17:00,18:00,60.0,120,ORMS
2/26/2022,14:00,15:00,60.0,14,CONSULTING
2/26/2022,16:00,16:59,59.0,242,SQL
02/06/2022,17:00,18:01,61.0,147,ORMS
2/27/2022,07:30,08:30,60.0,36,ETL
2/27/2022,10:00,11:00,60.0,186,ML_DEEP_LEARNING
2/27/2022,12:00,13:00,60.0,23,ETL
03/02/2022,20:00,21:01,61.0,158,ORMS
03/03/2022,16:00,17:03,63.0,186,AWS
03/04/2022,10:00,11:00,60.0,109,FLASK
03/04/2022,12:01,13:01,60.0,152,PYTHON_PANDAS_MATPLOTLIB
03/04/2022,17:05,18:05,60.0,186,AWS
03/05/2022,10:00,11:00,60.0,147,APIS
03/05/2022,14:00,15:00,60.0,118,JAVASCRIPT
03/05/2022,17:00,18:00,60.0,100,JAVASCRIPT
03/06/2022,11:00,12:01,61.0,120,HTML_CSS
03/06/2022,13:00,14:58,118.0,163,APIS
03/06/2022,14:00,15:00,60.0,23,DOCKER_DEPLOY
03/06/2022,17:00,18:00,60.0,36,ETL
03/08/2022,16:00,17:05,65.0,186,CONSULTING
03/10/2022,16:00,17:00,60.0,186,AWS
03/11/2022,10:00,10:50,50.0,166,APIS
03/11/2022,11:00,12:00,60.0,109,APIS
03/11/2022,13:00,14:05,65.0,152,APIS
03/13/2022,18:00,19:05,65.0,36,APIS
03/12/2022,10:00,11:03,63.0,147,JAVASCRIPT
03/12/2022,20:00,21:00,60.0,100,CONSULTING
03/13/2022,11:00,12:00,60.0,118,CONSULTING
03/13/2022,13:00,14:00,60.0,163,JAVASCRIPT
03/13/2022,15:00,16:00,60.0,120,APIS
03/15/2022,20:00,21:07,67.0,100,CONSULTING
03/17/2022,08:00,09:00,60.0,109,FLASK
03/18/2022,12:00,13:00,60.0,120,GIT
03/18/2022,14:00,15:00,60.0,152,CONSULTING
03/19/2022,13:00,14:03,63.0,163,SQL
03/19/2022,15:00,16:10,70.0,118,CONSULTING
03/20/2022,17:07,18:07,60.0,36,APIS
03/22/2022,14:00,15:00,60.0,23,JAVASCRIPT
03/22/2022,20:00,21:00,60.0,100,CONSULTING
03/24/2022,08:00,09:00,60.0,166,GIT
03/25/2022,10:00,11:01,61.0,109,JAVASCRIPT
03/25/2022,14:00,15:00,60.0,152,CONSULTING
03/27/2022,08:00,09:00,60.0,120,JAVASCRIPT
03/27/2022,10:00,11:00,60.0,147,JAVASCRIPT
03/27/2022,12:00,13:00,60.0,163,GIT
03/27/2022,14:00,15:00,60.0,158,CONSULTING
03/27/2022,17:00,18:00,60.0,36,JAVASCRIPT
03/31/2022,08:00,09:02,62.0,158,CONSULTING
03/31/2022,04:00,05:01,61.0,23,GIT
04/01/2022,10:00,11:01,61.0,109,JAVASCRIPT
04/01/2022,14:00,15:03,63.0,152,SQL
04/03/2022,08:00,09:04,64.0,120,JAVASCRIPT
04/03/2022,14:00,16:20,140.0,147,TABLEAU
04/03/2022,17:00,18:05,65.0,36,JAVASCRIPT
04/05/2022,08:00,08:25,25.0,166,GIT
04/05/2022,15:00,15:40,40.0,100,TABLEAU
04/06/2022,20:00,21:00,60.0,158,CONSULTING
04/08/2022,10:00,11:02,62.0,109,TABLEAU
04/08/2022,12:00,13:00,60.0,36,JAVASCRIPT
04/08/2022,14:00,15:00,60.0,152,ORMS
04/10/2022,17:00,18:00,60.0,120,JAVASCRIPT
04/09/2022,10:00,11:00,60.0,147,STATISTICS
04/10/2022,11:00,12:00,60.0,118,STATISTICS
04/10/2022,13:00,14:00,60.0,163,GIT
04/12/2022,08:00,09:00,60.0,120,CONSULTING
04/12/2022,16:00,17:00,60.0,158,CONSULTING
04/15/2022,10:00,11:02,62.0,109,STATISTICS
04/16/2022,17:00,18:00,60.0,147,PYSPARK
04/16/2022,19:00,20:00,60.0,100,CONSULTING
04/17/2022,14:00,15:00,60.0,23,PYSPARK
04/17/2022,17:00,18:00,60.0,36,JAVASCRIPT
04/20/2022,20:00,21:00,60.0,158,ML_SUPERVISED
04/22/2022,08:00,09:00,60.0,109,PYSPARK
04/22/2022,12:00,13:00,60.0,118,ML_SUPERVISED
04/22/2022,14:00,15:00,60.0,120,TABLEAU
04/22/2022,18:00,19:00,60.0,152,JAVASCRIPT
04/23/2022,19:00,20:00,60.0,100,CONSULTING
04/24/2022,08:00,09:01,61.0,147,ML_SUPERVISED
04/24/2022,12:00,13:00,60.0,163,SQL
04/24/2022,14:00,15:00,60.0,166,ML_SUPERVISED
04/24/2022,17:00,17:55,55.0,36,JAVASCRIPT
04/28/2022,16:00,17:00,60.0,23,STATISTICS
04/29/2022,08:00,09:00,60.0,109,EXCEL_VBA
04/29/2022,11:00,12:00,60.0,158,APIS
04/29/2022,12:00,13:00,60.0,120,ML_SUPERVISED
04/29/2022,18:00,19:00,60.0,152,APIS
04/30/2022,16:00,17:00,60.0,163,ML_SUPERVISED
05/01/2022,17:00,18:00,60.0,36,ETL
05/04/2022,20:00,21:02,62.0,158,ML_SUPERVISED
05/06/2022,10:00,11:00,60.0,109,ML_UNSUPERVISED
05/06/2022,14:00,15:00,60.0,152,ETL
05/08/2022,08:00,09:00,60.0,147,ML_UNSUPERVISED
05/08/2022,11:00,12:00,60.0,120,ML_UNSUPERVISED
05/08/2022,13:00,14:00,60.0,163,ML_UNSUPERVISED
05/08/2022,17:00,18:00,60.0,36,STATISTICS
05/11/2022,19:00,20:00,60.0,158,ML_DEEP_LEARNING
05/13/2022,10:00,11:45,105.0,109,ML_DEEP_LEARNING
05/13/2022,13:00,14:00,60.0,118,SQL
05/13/2022,14:00,15:00,60.0,152,JAVASCRIPT
05/14/2022,10:00,11:04,64.0,147,CONSULTING
05/13/2022,11:07,12:07,60.0,23,ETL
05/15/2022,11:00,12:00,60.0,120,ML_DEEP_LEARNING
05/15/2022,13:00,14:00,60.0,163,ML_DEEP_LEARNING
05/15/2022,17:00,18:00,60.0,36,PYSPARK
05/17/2022,16:00,17:00,60.0,158,CONSULTING
05/18/2022,08:00,09:00,60.0,163,CONSULTING
05/20/2022,10:00,11:54,114.0,109,SQL
05/20/2022,18:00,19:00,60.0,147,ML_DEEP_LEARNING
05/22/2022,11:00,12:02,62.0,120,PYSPARK
05/22/2022,15:00,16:04,64.0,23,ETL
05/24/2022,12:00,13:00,60.0,166,CONSULTING
05/25/2022,12:00,13:00,60.0,158,ML_SUPERVISED
05/26/2022,08:00,09:35,95.0,109,CONSULTING
05/28/2022,15:00,15:55,55.0,23,ML_SUPERVISED
05/29/2022,10:00,11:00,60.0,36,ML_UNSUPERVISED
05/29/2022,12:00,13:00,60.0,120,ML_UNSUPERVISED
6/3/2022,08:00,09:51,111.0,109,PYTHON_PANDAS_MATPLOTLIB
6/3/2022,12:00,13:01,61.0,166,CONSULTING
06/03/2022,14:00,15:00,60.0,152,JAVASCRIPT
06/03/2022,18:00,19:06,66.0,147,CONSULTING
06/10/2022,14:00,15:01,61.0,152,CONSULTING
06/17/2022,14:00,15:00,60.0,152,JAVASCRIPT
07/24/2022,14:00,15:04,64.0,152,TABLEAU
07/01/2022,08:00,09:00,60.0,207,PYTHON_PANDAS_MATPLOTLIB
07/01/2022,11:30,12:35,65.0,248,PYTHON_PANDAS_MATPLOTLIB
07/01/2022,13:00,14:00,60.0,191,PYTHON_PANDAS_MATPLOTLIB
07/01/2022,14:05,15:05,60.0,152,TABLEAU
07/01/2022,18:30,19:31,61.0,4,JAVASCRIPT
07/02/2022,10:29,11:29,60.0,181,REACT
07/02/2022,11:30,12:30,60.0,175,JAVASCRIPT
07/02/2022,12:30,13:30,60.0,125,ML_SUPERVISED
07/02/2022,14:00,15:00,60.0,181,GIT
07/02/2022,15:00,16:00,60.0,117,EXCEL_VBA
07/02/2022,17:00,18:20,80.0,210,EXCEL_VBA
07/02/2022,18:00,21:00,180.0,123,EXCEL_VBA
07/03/2022,11:30,14:00,150.0,195,CONSULTING
07/03/2022,14:30,15:32,62.0,173,STATISTICS
07/03/2022,17:00,20:02,182.0,81,EXCEL_VBA
07/08/2022,08:00,09:00,60.0,175,JAVASCRIPT
07/08/2022,09:02,10:02,60.0,123,PYTHON_PANDAS_MATPLOTLIB
07/08/2022,14:00,15:01,61.0,152,ML_SUPERVISED
07/08/2022,18:00,19:00,60.0,4,JAVASCRIPT
07/09/2022,08:00,09:08,68.0,133,JAVASCRIPT
07/09/2022,10:00,11:01,61.0,236,COMPUTER_SCIENCE
07/09/2022,11:30,12:30,60.0,90,EXCEL_VBA
07/09/2022,15:00,15:56,56.0,89,JAVASCRIPT
07/09/2022,16:00,17:05,65.0,82,NODE_EXPRESS
07/10/2022,09:30,10:30,60.0,114,JAVASCRIPT
07/10/2022,16:00,17:50,110.0,81,PYTHON_PANDAS_MATPLOTLIB
07/15/2022,09:00,10:01,61.0,123,PYTHON_PANDAS_MATPLOTLIB
07/15/2022,14:00,15:20,80.0,114,ML_SUPERVISED
07/15/2022,15:30,17:00,90.0,152,PYSPARK
07/15/2022,18:00,19:12,72.0,4,JAVASCRIPT
07/16/2022,08:00,09:30,90.0,48,HTML_CSS
07/16/2022,10:00,11:15,75.0,126,GIT
07/16/2022,11:30,12:53,83.0,90,PYTHON_PANDAS_MATPLOTLIB
07/16/2022,14:00,15:00,60.0,85,SQL
07/17/2022,10:00,11:00,60.0,148,JAVASCRIPT
07/17/2022,11:00,12:00,60.0,89,TABLEAU
07/17/2022,12:00,13:00,60.0,137,PYTHON_PANDAS_MATPLOTLIB
07/17/2022,15:00,16:00,60.0,4,NODE_EXPRESS
07/17/2022,16:00,17:30,90.0,81,PYTHON_PANDAS_MATPLOTLIB
07/22/2022,08:00,11:00,180.0,48,JAVASCRIPT
07/22/2022,14:00,15:21,81.0,152,CONSULTING
07/23/2022,10:00,11:45,105.0,175,NODE_EXPRESS
07/23/2022,12:00,13:00,60.0,90,PYTHON_PANDAS_MATPLOTLIB
07/23/2022,13:00,14:00,60.0,89,STATISTICS
07/23/2022,14:00,15:00,60.0,40,JAVASCRIPT
07/23/2022,15:00,16:05,65.0,183,GRAPHQL
07/24/2022,08:00,09:40,100.0,148,SQL
07/24/2022,10:00,11:40,100.0,175,COMPUTER_SCIENCE
07/24/2022,12:00,13:00,60.0,4,NODE_EXPRESS
07/24/2022,13:00,14:00,60.0,81,PYTHON_PANDAS_MATPLOTLIB
07/24/2022,14:00,15:00,60.0,152,ML_UNSUPERVISED
07/24/2022,15:30,16:30,60.0,114,ML_DEEP_LEARNING
07/29/2022,08:00,09:00,60.0,123,SQL
07/29/2022,09:00,10:05,65.0,16,APIS
07/29/2022,10:30,13:00,150.0,191,ML_DEEP_LEARNING
07/29/2022,14:00,15:10,70.0,40,CONSULTING
07/30/2022,08:00,09:00,60.0,48,JAVASCRIPT
07/30/2022,09:00,11:00,120.0,175,SQL
07/30/2022,11:30,12:30,60.0,90,APIS
07/30/2022,12:30,13:30,60.0,89,PYSPARK
07/30/2022,14:00,15:00,60.0,40,STATISTICS
07/30/2022,16:00,17:35,95.0,4,SQL
07/30/2022,09:00,10:00,60.0,175,SQL
07/31/2022,14:00,15:20,80.0,40,CONSULTING
07/31/2022,16:00,17:00,60.0,81,APIS
07/31/2022,17:00,18:30,90.0,4,NODE_EXPRESS
08/05/2022,08:30,11:00,150.0,16,STATISTICS
08/05/2022,12:00,13:11,71.0,40,JAVASCRIPT
08/06/2022,08:00,09:00,60.0,48,JAVASCRIPT
08/06/2022,09:00,10:00,60.0,78,HTML_CSS
08/06/2022,12:00,13:00,60.0,90,JAVASCRIPT
08/06/2022,13:00,14:00,60.0,89,ML_SUPERVISED
08/06/2022,15:00,16:40,100.0,202,GRAPHQL
08/06/2022,17:00,18:30,90.0,175,NODE_EXPRESS
08/07/2022,09:00,10:00,60.0,175,CONSULTING
08/07/2022,13:00,14:00,60.0,123,FLASK
08/07/2022,14:00,15:00,60.0,40,JAVASCRIPT
08/07/2022,15:00,15:50,50.0,137,ETL
08/07/2022,16:00,17:00,60.0,4,COMPUTER_SCIENCE
08/07/2022,17:00,18:40,100.0,81,STATISTICS
08/11/2022,10:00,10:54,54.0,205,SQL
08/11/2022,12:30,13:00,30.0,245,GIT
08/11/2022,14:00,16:20,140.0,114,STATISTICS
08/12/2022,10:30,11:50,80.0,21,NODE_EXPRESS
08/12/2022,12:00,13:35,95.0,121,ETL
08/12/2022,18:00,19:00,60.0,4,COMPUTER_SCIENCE
08/13/2022,08:00,09:00,60.0,48,JAVASCRIPT
08/13/2022,12:00,13:00,60.0,90,SQL
08/13/2022,13:00,14:00,60.0,89,ML_UNSUPERVISED
08/14/2022,10:00,11:00,60.0,78,JAVASCRIPT
08/14/2022,15:00,16:00,60.0,238,PYTHON_PANDAS_MATPLOTLIB
08/14/2022,16:00,17:00,60.0,4,SQL
08/14/2022,17:00,18:12,72.0,81,SQL
08/18/2022,10:00,11:00,60.0,205,ETL
08/18/2022,11:00,12:00,60.0,53,HTML_CSS
08/18/2022,12:00,12:35,35.0,121,ETL
08/18/2022,15:00,16:00,60.0,238,PYTHON_PANDAS_MATPLOTLIB
08/19/2022,09:00,10:00,60.0,160,GIT
08/19/2022,13:00,14:00,60.0,4,SQL
08/19/2022,14:00,15:00,60.0,123,APIS
08/19/2022,18:00,19:00,60.0,4,SQL
08/19/2022,19:00,21:00,120.0,175,ORMS
08/20/2022,08:00,09:00,60.0,48,APIS
08/20/2022,10:00,11:00,60.0,175,ORMS
08/20/2022,11:00,12:00,60.0,89,ML_DEEP_LEARNING
08/20/2022,12:00,13:00,60.0,90,ORMS
08/20/2022,13:00,13:45,45.0,210,ORMS
08/20/2022,14:00,15:00,60.0,32,GIT
08/21/2022,10:00,11:00,60.0,78,COMPUTER_SCIENCE
08/21/2022,12:00,13:00,60.0,195,CONSULTING
08/21/2022,13:00,14:00,60.0,4,PWA
08/21/2022,15:00,16:20,80.0,81,SQL
08/23/2022,15:00,16:00,60.0,175,REACT
08/26/2022,08:00,09:00,60.0,245,GIT
08/26/2022,09:00,10:00,60.0,137,APIS
08/26/2022,12:00,13:00,60.0,89,ML_SUPERVISED
08/26/2022,15:00,16:00,60.0,4,REACT
08/26/2022,16:00,17:00,60.0,175,CONSULTING
08/26/2022,18:00,19:00,60.0,21,NODE_EXPRESS
08/27/2022,08:00,09:00,60.0,48,NODE_EXPRESS
08/27/2022,09:00,10:00,60.0,94,COMPUTER_SCIENCE
08/27/2022,10:00,10:55,55.0,181,COMPUTER_SCIENCE
08/27/2022,11:00,12:00,60.0,133,NODE_EXPRESS
08/27/2022,12:00,13:00,60.0,90,FLASK
08/27/2022,15:00,16:00,60.0,238,PYTHON_PANDAS_MATPLOTLIB
08/27/2022,17:00,18:00,60.0,123,JAVASCRIPT
08/28/2022,10:00,11:00,60.0,78,JAVASCRIPT
08/28/2022,15:00,16:00,60.0,4,REACT
08/28/2022,16:00,17:00,60.0,81,ORMS
08/28/2022,17:00,18:00,60.0,175,CONSULTING
09/01/2022,15:00,16:00,60.0,175,CONSULTING
09/02/2022,08:00,09:00,60.0,245,GIT
09/02/2022,09:00,10:00,60.0,89,ML_SUPERVISED
09/02/2022,13:00,14:00,60.0,4,GRAPHQL
09/02/2022,14:00,15:00,60.0,123,JAVASCRIPT
09/03/2022,08:00,09:00,60.0,48,NODE_EXPRESS
09/03/2022,09:00,09:50,50.0,94,GIT
09/03/2022,13:00,14:00,60.0,90,HTML_CSS
09/03/2022,15:00,16:00,60.0,175,CONSULTING
09/04/2022,10:00,11:00,60.0,78,APIS
09/04/2022,14:00,15:00,60.0,123,JAVASCRIPT
09/04/2022,15:00,16:00,60.0,238,APIS
09/04/2022,16:00,17:00,60.0,81,FLASK
09/05/2022,15:00,16:00,60.0,175,SQL
09/09/2022,08:00,10:30,150.0,5,COMPUTER_SCIENCE
09/09/2022,09:00,10:00,60.0,137,JAVASCRIPT
09/09/2022,11:00,12:00,60.0,89,ML_SUPERVISED
09/09/2022,13:00,14:00,60.0,121,ETL
09/09/2022,14:00,15:00,60.0,123,JAVASCRIPT
09/10/2022,08:00,09:30,90.0,48,NODE_EXPRESS
09/10/2022,10:00,11:00,60.0,78,APIS
09/10/2022,11:00,12:07,67.0,220,DOCKER_DEPLOY
09/10/2022,13:00,14:00,60.0,90,SQL
09/10/2022,14:00,15:00,60.0,29,JAVASCRIPT
09/10/2022,15:00,16:00,60.0,175,CONSULTING
09/10/2022,16:00,16:45,45.0,123,JAVASCRIPT
09/16/2022,08:00,09:00,60.0,16,FLASK
09/16/2022,09:00,10:00,60.0,52,PYTHON_PANDAS_MATPLOTLIB
09/16/2022,10:00,11:00,60.0,137,GIT
09/16/2022,11:00,12:00,60.0,127,HTML_CSS
09/16/2022,13:00,14:00,60.0,182,GIT
09/16/2022,14:00,15:20,80.0,46,JAVASCRIPT
09/17/2022,08:00,09:00,60.0,48,COMPUTER_SCIENCE
09/17/2022,10:00,11:00,60.0,78,COMPUTER_SCIENCE
09/17/2022,11:00,12:20,80.0,205,JAVASCRIPT
09/17/2022,13:00,,60.0,90,JAVASCRIPT
09/17/2022,15:00,16:00,60.0,124,EXCEL_VBA
09/17/2022,16:00,17:42,102.0,81,APIS
09/23/2022,08:30,09:50,80.0,52,PYTHON_PANDAS_MATPLOTLIB
09/23/2022,10:00,11:00,60.0,75,EXCEL_VBA
09/23/2022,12:00,13:00,60.0,121,COMPUTER_SCIENCE
09/23/2022,01:00,02:00,60.0,137,STATISTICS
09/24/2022,08:00,09:00,60.0,48,COMPUTER_SCIENCE
09/24/2022,09:00,10:00,60.0,78,COMPUTER_SCIENCE
09/24/2022,10:00,11:00,60.0,49,GIT
09/24/2022,12:00,13:00,60.0,123,GIT
09/24/2022,13:00,14:00,60.0,90,JAVASCRIPT
09/24/2022,14:00,15:00,60.0,232,PYTHON_PANDAS_MATPLOTLIB
09/25/2022,10:00,11:00,60.0,238,SQL
09/25/2022,11:00,12:00,60.0,81,JAVASCRIPT
09/30/2022,08:00,09:00,60.0,245,HTML_CSS
09/30/2022,09:00,10:00,60.0,16,JAVASCRIPT
09/30/2022,10:00,11:00,60.0,137,AWS
09/30/2022,11:00,12:30,90.0,121,FLASK
09/30/2022,13:00,14:00,60.0,215,PYTHON_PANDAS_MATPLOTLIB
10/01/2022,08:30,09:30,60.0,151,NODE_EXPRESS
10/01/2022,10:00,11:00,60.0,78,COMPUTER_SCIENCE
10/01/2022,13:00,14:00,60.0,90,JAVASCRIPT
10/02/2022,10:00,11:00,60.0,48,SQL
10/02/2022,11:00,12:00,60.0,81,CONSULTING
10/02/2022,12:00,14:00,120.0,48,SQL
10/07/2022,08:00,09:00,60.0,52,PYTHON_PANDAS_MATPLOTLIB
10/07/2022,09:00,10:00,60.0,215,PYTHON_PANDAS_MATPLOTLIB
10/07/2022,10:00,11:00,60.0,75,PYTHON_PANDAS_MATPLOTLIB
10/07/2022,12:00,13:00,60.0,137,ML_SUPERVISED
10/07/2022,13:00,14:00,60.0,16,JAVASCRIPT
10/08/2022,08:00,09:00,60.0,48,ORMS
10/08/2022,09:00,10:00,60.0,243,GIT
10/08/2022,10:00,11:00,60.0,78,COMPUTER_SCIENCE
10/08/2022,12:00,13:00,60.0,95,GIT
10/08/2022,13:00,14:40,100.0,90,CONSULTING
10/09/2022,10:00,11:00,60.0,245,JAVASCRIPT
10/09/2022,11:00,12:00,60.0,123,CONSULTING
10/14/2022,08:00,09:00,60.0,245,JAVASCRIPT
10/14/2022,09:00,10:00,60.0,215,STATISTICS
10/14/2022,10:00,11:00,60.0,137,ML_SUPERVISED
10/14/2022,12:00,13:00,60.0,121,JAVASCRIPT
10/14/2022,13:00,14:00,60.0,75,PYTHON_PANDAS_MATPLOTLIB
10/15/2022,08:00,09:00,60.0,48,COMPUTER_SCIENCE
10/15/2022,09:00,10:00,60.0,78,NODE_EXPRESS
10/15/2022,10:00,11:00,60.0,81,CONSULTING
10/15/2022,12:30,13:30,60.0,238,SQL
10/21/2022,08:00,09:00,60.0,133,JAVASCRIPT
10/21/2022,09:00,10:00,60.0,127,APIS
10/21/2022,10:00,11:00,60.0,137,ML_UNSUPERVISED
10/21/2022,12:00,13:00,60.0,123,CONSULTING
10/21/2022,13:00,14:30,90.0,75,APIS
10/22/2022,08:00,09:00,60.0,245,JAVASCRIPT
10/22/2022,09:00,10:00,60.0,78,SQL
10/22/2022,10:00,11:00,60.0,48,CONSULTING
10/22/2022,13:00,14:00,60.0,81,JAVASCRIPT
10/24/2022,09:00,10:00,60.0,28,HTML_CSS
10/25/2022,09:00,10:00,60.0,127,APIS
10/25/2022,10:00,11:00,60.0,137,ML_DEEP_LEARNING
11/24/2020,15:00,16:00,60.0,199,PYTHON_PANDAS_MATPLOTLIB
11/25/2022,09:00,10:00,60.0,215,STATISTICS
11/25/2022,10:00,11:00,60.0,75,HTML_CSS
11/25/2022,13:00,14:00,60.0,190,NODE_EXPRESS
11/25/2022,14:00,15:00,60.0,105,GIT
11/26/2022,09:00,10:00,60.0,127,NODE_EXPRESS
11/26/2022,10:00,11:00,60.0,48,REACT
11/26/2022,13:00,14:30,90.0,233,JAVASCRIPT
11/26/2022,14:00,15:00,60.0,56,COMPUTER_SCIENCE
12/1/2022,15:00,16:00,60.0,176,PYTHON_PANDAS_MATPLOTLIB
12/1/2022,16:00,17:00,60.0,185,SQL
12/2/2022,09:00,,60.0,84,STATISTICS
12/2/2022,10:00,10:45,45.0,187,GIT
12/2/2022,13:00,14:00,60.0,222,STATISTICS
12/2/2022,14:00,15:00,60.0,136,SQL
12/3/2022,10:00,11:00,60.0,48,NODE_EXPRESS
12/3/2022,13:00,14:00,60.0,95,JAVASCRIPT
12/3/2022,14:00,15:00,60.0,107,APIS
12/4/2022,10:00,11:00,60.0,127,SQL
12/8/2022,15:00,16:00,60.0,136,ORMS
12/8/2022,16:00,17:00,60.0,170,GIT
12/9/2022,09:30,10:30,60.0,75,APIS
12/9/2022,13:30,14:30,60.0,101,EXCEL_VBA
12/10/2022,09:00,10:00,60.0,78,PWA
12/10/2022,10:00,11:00,60.0,48,CONSULTING
12/10/2022,14:00,15:00,60.0,91,CONSULTING
12/10/2022,15:00,16:40,100.0,48,CONSULTING
12/13/2022,15:00,16:00,60.0,176,APIS
12/13/2022,16:00,17:00,60.0,178,EXCEL_VBA
12/14/2022,15:00,16:00,60.0,15,ETL
12/14/2022,16:00,17:00,60.0,54,EXCEL_VBA
12/15/2022,15:00,16:00,60.0,127,ORMS
12/16/2022,10:00,11:00,60.0,110,PYTHON_PANDAS_MATPLOTLIB
12/16/2022,13:00,14:00,60.0,7,JAVASCRIPT
12/17/2022,09:00,10:00,60.0,78,REACT
12/17/2022,10:00,11:00,60.0,48,GRAPHQL
12/17/2022,12:00,13:00,60.0,127,COMPUTER_SCIENCE
12/17/2022,13:00,14:00,60.0,192,GRAPHQL
12/20/2022,10:00,12:00,120.0,48,CONSULTING
12/20/2022,13:00,15:00,120.0,211,COMPUTER_SCIENCE
12/20/2022,15:00,16:00,60.0,127,COMPUTER_SCIENCE
12/20/2022,16:00,18:15,135.0,181,GIT
12/21/2022,13:00,13:45,45.0,233,GIT
12/21/2022,15:30,16:30,60.0,193,SQL
12/22/2022,13:00,14:00,60.0,184,GIT
12/22/2022,15:00,16:00,60.0,235,JAVASCRIPT
12/23/2022,11:00,12:00,60.0,215,SQL
12/23/2022,13:00,14:00,60.0,15,SQL
12/24/2022,09:00,10:00,60.0,78,GRAPHQL
12/24/2022,13:00,14:00,60.0,6,
12/24/2022,16:00,17:00,60.0,54,
12/31/2022,10:00,11:00,60.0,78,REACT
12/31/2022,11:00,12:00,60.0,127,COMPUTER_SCIENCE
12/31/2022,14:00,15:00,60.0,57,JAVASCRIPT
12/31/2022,16:00,17:00,60.0,54,PYTHON_PANDAS_MATPLOTLIB
1/2/2023,10:00,11:00,60.0,140,APIS
1/2/2023,11:00,12:00,60.0,7,REACT
1/2/2023,13:00,14:00,60.0,105,JAVASCRIPT
1/3/2023,11:00,12:00,60.0,200,GIT
1/3/2023,13:00,14:40,100.0,211,DOCKER_DEPLOY
1/6/2023,10:00,11:00,60.0,245,SQL
1/6/2023,13:00,14:00,60.0,62,JAVASCRIPT
1/7/2023,10:00,11:00,60.0,78,GRAPHQL
1/7/2023,13:00,,60.0,54,PYTHON_PANDAS_MATPLOTLIB
1/8/2023,10:00,11:00,60.0,24,JAVASCRIPT
1/8/2023,11:00,13:00,120.0,227,EXCEL_VBA
1/8/2023,13:00,14:00,60.0,103,JAVASCRIPT
1/8/2023,14:00,15:00,60.0,19,JAVASCRIPT
1/9/2023,10:30,11:30,60.0,67,EXCEL_VBA
1/9/2023,13:00,14:00,60.0,127,COMPUTER_SCIENCE
1/9/2023,14:00,15:00,60.0,59,ML_SUPERVISED
1/10/2023,10:00,11:00,60.0,215,CONSULTING
1/10/2023,11:00,12:00,60.0,13,PYTHON_PANDAS_MATPLOTLIB
1/10/2023,13:00,15:00,120.0,75,CONSULTING
1/10/2023,14:00,16:00,120.0,70,ORMS
1/11/2023,11:00,12:00,60.0,245,JAVASCRIPT
1/11/2023,13:00,14:00,60.0,65,JAVASCRIPT
1/11/2023,14:00,15:00,60.0,84,FLASK
1/14/2023,10:00,11:00,60.0,78,GRAPHQL
11/14/2023,11:00,12:00,60.0,130,EXCEL_VBA
1/15/2023,11:00,12:00,60.0,176,SQL
1/15/2023,13:00,14:00,60.0,56,REACT
1/15/2023,14:00,15:00,60.0,54,PYTHON_PANDAS_MATPLOTLIB
01/17/2023,10:00,11:00,60.0,1,GIT
01/17/2023,11:00,12:00,60.0,215,ML_SUPERVISED
01/17/2023,13:00,14:00,60.0,7,CONSULTING
01/17/2023,14:00,15:00,60.0,56,GRAPHQL
01/18/2023,10:00,11:00,60.0,227,PYTHON_PANDAS_MATPLOTLIB
01/18/2023,11:00,12:00,60.0,105,JAVASCRIPT
01/18/2023,13:00,14:00,60.0,70,SQL
01/18/2023,14:00,15:00,60.0,245,COMPUTER_SCIENCE
01/19/2023,10:00,11:00,60.0,200,GIT
01/19/2023,13:00,14:00,60.0,65,COMPUTER_SCIENCE
01/19/2023,14:00,15:00,60.0,127,COMPUTER_SCIENCE
01/19/2023,17:00,19:00,120.0,54,PYTHON_PANDAS_MATPLOTLIB
1/20/2023,10:00,11:00,60.0,250,ORMS
01/20/2023,11:00,12:00,60.0,43,GIT
01/20/2023,10:00,11:00,60.0,169,GIT
01/20/2023,13:00,14:00,60.0,134,GIT
01/20/2023,14:00,15:40,100.0,87,JAVASCRIPT
01/24/2023,10:00,11:00,60.0,245,COMPUTER_SCIENCE
01/24/2023,11:00,12:20,80.0,227,PYTHON_PANDAS_MATPLOTLIB
01/24/2023,13:00,14:00,60.0,65,JAVASCRIPT
01/24/2023,14:00,15:00,60.0,162,GIT
01/25/2023,10:00,11:21,81.0,78,GRAPHQL
01/26/2023,10:00,11:00,60.0,215,TABLEAU
01/26/2023,13:00,14:00,60.0,65,COMPUTER_SCIENCE
01/26/2023,14:00,15:30,90.0,105,COMPUTER_SCIENCE
01/28/2023,10:00,12:00,120.0,211,ORMS
01/28/2023,14:00,16:00,120.0,54,APIS
1/30/2023,11:00,12:30,90.0,155,JAVASCRIPT
1/30/2023,13:00,14:00,60.0,65,NODE_EXPRESS
1/30/2023,14:00,16:00,120.0,11,COMPUTER_SCIENCE
1/31/2023,10:00,11:00,60.0,227,PYTHON_PANDAS_MATPLOTLIB
1/31/2023,11:00,12:00,60.0,206,
1/31/2023,13:30,14:30,60.0,55,NODE_EXPRESS
02/01/2023,10:00,11:00,60.0,15,JAVASCRIPT
02/01/2023,11:00,12:00,60.0,61,JAVASCRIPT
02/01/2023,13:00,14:00,60.0,65,NODE_EXPRESS
02/01/2023,14:00,15:00,60.0,105,COMPUTER_SCIENCE
02/02/2023,10:00,11:00,60.0,142,APIS
02/02/2023,13:30,14:30,60.0,31,EXCEL_VBA
02/03/2023,10:00,11:00,60.0,229,HTML_CSS
02/03/2023,11:00,12:00,60.0,127,DOCKER_DEPLOY
02/03/2023,14:00,15:00,60.0,129,GIT
02/05/2023,10:00,11:00,60.0,54,SQL
02/05/2023,11:00,12:00,60.0,84,JAVASCRIPT
02/05/2023,13:00,14:00,60.0,228,HTML_CSS
02/05/2023,14:00,15:00,60.0,245,COMPUTER_SCIENCE
02/06/2023,10:00,11:00,60.0,162,DOCKER_DEPLOY
02/06/2023,11:00,12:42,102.0,154,CONSULTING
02/06/2023,13:00,14:00,60.0,105,NODE_EXPRESS
02/06/2023,14:00,16:00,120.0,11,NODE_EXPRESS
02/08/2023,10:00,11:00,60.0,7,SQL
02/08/2023,11:00,12:30,90.0,206,STATISTICS
02/08/2023,13:00,14:00,60.0,65,SQL
02/08/2023,14:00,15:30,90.0,11,SQL
02/08/2023,15:30,16:40,70.0,65,SQL
02/10/2023,14:00,16:30,150.0,105,SQL
02/12/2023,10:00,11:00,60.0,214,PYTHON_PANDAS_MATPLOTLIB
02/12/2023,11:00,12:30,90.0,65,CONSULTING
02/12/2023,14:00,15:00,60.0,54,SQL
02/15/2023,10:00,11:00,60.0,58,NODE_EXPRESS
02/15/2023,11:00,12:00,60.0,245,PWA
02/15/2023,13:00,14:00,60.0,11,SQL
02/15/2023,14:00,16:00,120.0,105,SQL
02/17/2023,10:00,11:00,60.0,31,PYTHON_PANDAS_MATPLOTLIB
02/17/2023,11:00,12:00,60.0,127,DOCKER_DEPLOY
02/17/2023,14:00,15:40,100.0,105,ORMS
02/19/2023,10:00,11:00,60.0,142,ML_SUPERVISED
02/19/2023,11:00,12:30,90.0,162,JAVASCRIPT
02/19/2023,13:00,14:00,60.0,215,ML_DEEP_LEARNING
02/19/2023,14:00,15:00,60.0,54,SQL
02/22/2023,10:00,11:00,60.0,58,SQL
02/22/2023,11:00,12:00,60.0,245,COMPUTER_SCIENCE
02/22/2023,13:00,14:00,60.0,65,SQL
02/22/2023,14:00,17:00,180.0,11,ORMS
02/24/2023,10:00,11:00,60.0,31,PYTHON_PANDAS_MATPLOTLIB
02/24/2023,11:00,12:30,90.0,13,SQL
02/24/2023,13:00,14:00,60.0,105,SQL
02/24/2023,14:00,15:00,60.0,11,ORMS
02/24/2023,10:00,11:00,60.0,11,SQL
02/24/2023,11:00,12:00,60.0,65,SQL
02/24/2023,13:00,14:00,60.0,162,JAVASCRIPT
02/24/2023,14:00,15:00,60.0,54,FLASK
02/27/2023,11:00,,60.0,127,GRAPHQL
03/01/2023,10:00,11:00,60.0,142,JAVASCRIPT
03/01/2023,11:00,12:00,60.0,245,REACT
03/01/2023,13:00,14:00,60.0,65,SQL
03/01/2023,14:00,15:00,60.0,11,SQL
03/01/2023,16:30,18:40,130.0,142,JAVASCRIPT
03/03/2023,10:00,11:00,60.0,31,STATISTICS
03/03/2023,14:00,16:00,120.0,11,PWA
03/13/2023,10:00,11:00,60.0,18,ORMS
03/13/2023,11:00,12:00,60.0,213,PYTHON_PANDAS_MATPLOTLIB
03/14/2023,10:00,11:00,60.0,221,JAVASCRIPT
03/14/2023,11:00,13:30,150.0,65,CONSULTING
03/15/2023,10:00,11:00,60.0,115,EXCEL_VBA
03/15/2023,11:00,13:00,120.0,65,CONSULTING
03/17/2023,11:00,12:00,60.0,99,GIT
03/27/2023,10:00,11:00,60.0,201,PYTHON_PANDAS_MATPLOTLIB
03/27/2023,11:00,12:00,60.0,104,HTML_CSS
03/29/2023,10:00,11:00,60.0,116,PYTHON_PANDAS_MATPLOTLIB
03/29/2023,11:00,12:00,60.0,234,EXCEL_VBA
03/29/2023,13:00,14:00,60.0,68,PYTHON_PANDAS_MATPLOTLIB
03/29/2023,14:00,15:00,60.0,174,PYTHON_PANDAS_MATPLOTLIB
03/29/2023,15:00,16:00,60.0,204,NODE_EXPRESS
03/30/2023,10:00,11:00,60.0,128,GIT
03/30/2023,11:00,12:00,60.0,31,ORMS
03/30/2023,13:00,14:00,60.0,97,ML_DEEP_LEARNING
03/30/2023,14:00,15:00,60.0,161,APIS
03/30/2023,15:00,16:00,60.0,216,GIT
03/31/2023,10:00,11:00,60.0,54,JAVASCRIPT
03/31/2023,11:00,12:00,60.0,197,PYTHON_PANDAS_MATPLOTLIB
03/31/2023,13:00,14:30,90.0,145,
